趣吃饭,商业模式匮乏/行业竞争,2015-01-01,2020-04-22,6/4/22,本地生活,北京,A轮
小葱,现金流断裂,2015-12-01,2020-04-14,4/4/13,文娱传媒,广东,A轮
致优教育,商业模式匮乏/行业竞争,2015-03-01,2020-04-07,5/1/6,教育,北京,A轮
钱牛牛,政策监管/法律法规风险,2014-01-01,2020-04-02,6/3/1,金融,上海,B+轮
OneWeb,烧钱/现金流断裂,2012-01-01,2020-03-28,8/2/27,新工业,欧洲,C轮
无疆酒店,烧钱/现金流断裂/行业竞争,2018-12-01,2020-03-28,1/3/27,房产服务,江西,战略投资
美团云,业务调整/产品入场时机/行业竞争,2015-06-01,2020-03-24,4/9/23,企业服务,北京,已上市
人人聚财网,政策监管/法律法规风险,2011-10-01,2020-03-19,8/5/18,金融,广东,D轮
Someet,创始人问题,2014-12-01,2020-03-17,5/3/16,社交网络,北京,天使轮
趣动旅程,现金流断裂,2016-10-01,2020-03-17,3/5/16,教育,北京,A轮
GREYBOX COFFEE,现金流断裂/行业竞争,2016-08-01,2020-03-17,3/7/16,本地生活,北京,A轮
美利金融,现金流断裂/法律法规风险,2015-01-01,2020-03-16,5/2/15,金融,北京,B+轮
证大文化,政策监管/法律法规风险,2011-07-01,2020-03-16,8/8/15,文娱传媒,上海,已上市
美利车金融,现金流断裂/法律法规风险,2014-09-01,2020-03-16,5/6/15,汽车交通,北京,B+轮
铜掌柜,政策监管/法律法规风险,2014-07-01,2020-03-14,5/8/13,金融,浙江,A轮
百弗英语,现金流断裂/行业竞争,2011-04-01,2020-03-05,8/11/4,教育,重庆,尚未获投
百程旅行,现金流断裂/行业竞争,2000-08-01,2020-02-29,19/6/28,旅游,北京,新三板
FCoin,产品缺陷严重/现金流断裂,2018-01-01,2020-02-17,2/1/16,金融,北京,天使轮
HQ Trivia,商业模式匮乏/现金流断裂,2017-12-01,2020-02-16,2/2/15,文娱传媒,北美洲,A轮
明兮大语文,现金流断裂,2016-11-01,2020-02-13,3/3/12,教育,北京,天使轮
Essential Phone,业务调整/产品入场时机/行业竞争,2017-01-01,2020-02-13,3/1/12,新工业,北美洲,B轮
Brandless,烧钱/现金流断裂,2016-02-01,2020-02-11,4/0/10,电子商务,北美洲,C轮
兄弟连IT教育,现金流断裂,2007-04-01,2020-02-06,12/10/5,教育,北京,新三板
奢品惠众,现金流断裂/法律法规风险,2015-09-01,2020-01-15,4/4/14,电子商务,重庆,尚未获投
鼎有财,政策监管/法律法规风险,2015-09-01,2020-01-10,4/4/9,金融,浙江,尚未获投
爱贝信息,法律法规风险,2010-07-01,2020-01-05,9/6/4,金融,广东,战略投资
北斗链,商业模式匮乏/业务过于分散/行业竞争,2012-09-01,2019-12-25,7/3/24,企业服务,河南,尚未获投
我厨生鲜,现金流断裂/行业竞争,2014-12-01,2019-12-12,5/0/11,电子商务,上海,B轮
麻辣诱惑,现金流断裂,2003-04-01,2019-12-11,16/8/10,本地生活,北京,B+轮
淘集集,团队能力不足/烧钱/现金流断裂,2017-05-01,2019-12-09,2/7/8,电子商务,上海,A轮
证大财富,政策监管/法律法规风险,2011-10-01,2019-12-02,8/2/1,金融,上海,尚未获投
康得复材,现金流断裂/政策监管,2014-09-01,2019-12-02,5/3/1,新工业,河北,B轮
鲜来多,业务调整/行业竞争,2018-01-01,2019-11-28,1/10/27,电子商务,浙江,B轮
妙生活,烧钱/行业竞争,2015-04-01,2019-11-28,4/7/27,电子商务,上海,B轮
麦子金服,政策监管/法律法规风险,2015-03-01,2019-11-25,4/8/24,金融,上海,B轮
拓道金服,政策监管/法律法规风险,2013-11-01,2019-11-24,6/0/23,金融,浙江,A轮
核果,商业模式匮乏/业务过于分散/行业竞争,2012-03-01,2019-11-19,7/8/18,企业服务,江苏,不明确
云柏科技,行业竞争,2014-09-01,2019-11-01,5/2/0,医疗健康,广东,尚未获投
迷你生鲜,现金流断裂/行业竞争,2017-11-01,2019-10-29,1/11/28,电子商务,福建,尚未获投
一生健康,政策监管/法律法规风险,2015-01-01,2019-10-17,4/9/16,医疗健康,北京,尚未获投
康睿德生物,商业模式匮乏/行业竞争,2019-03-01,2019-10-16,0/7/15,医疗健康,北京,天使轮
韦博英语,现金流断裂,1996-03-01,2019-10-09,23/7/8,教育,上海,尚未获投
华璟农业,业务调整,2013-03-01,2019-09-17,6/6/16,农业,黑龙江,天使轮
君马汽车,烧钱/现金流断裂/行业竞争,2017-08-01,2019-09-03,2/1/2,汽车交通,湖南,尚未获投
闪光超能界,商业模式匮乏/现金流断裂,2017-03-01,2019-09-01,2/6/0,工具软件,广东,A轮
乐蜂网,业务调整/烧钱/行业竞争,2008-05-01,2019-08-28,11/3/27,电子商务,北京,已被收购
厚本金融,政策监管/法律法规风险,2014-12-01,2019-08-23,4/8/22,金融,上海,A轮
吃个汤,烧钱/现金流断裂,2015-04-01,2019-08-21,4/4/20,本地生活,广东,A+轮
蚂蚁课堂,商业模式匮乏/行业竞争,2015-04-01,2019-08-20,4/4/19,教育,北京,尚未获投
比一下,商业模式匮乏/行业竞争,2013-04-01,2019-08-19,6/4/18,电子商务,北京,天使轮
乐伽公寓,现金流断裂/行业竞争,2016-05-01,2019-08-07,3/3/6,房产服务,江苏,尚未获投
怪兽科学STEM,业务过于分散/融资能力不足,2017-12-01,2019-08-05,1/8/4,教育,四川,尚未获投
51tou,业务调整,2014-06-01,2019-08-02,5/2/1,广告营销,上海,尚未获投
尚品网,现金流断裂/行业竞争,2008-11-01,2019-07-31,10/8/30,电子商务,北京,C轮
晶茂,现金流断裂/行业竞争,2009-04-01,2019-07-26,10/3/25,文娱传媒,上海,尚未获投
门客生活,现金流断裂/行业竞争,2018-01-01,2019-07-11,1/6/10,电子商务,浙江,尚未获投
微财富,政策监管/法律法规风险,2012-04-01,2019-06-28,7/2/27,金融,上海,尚未获投
名校贷,政策监管/法律法规风险,2013-12-01,2019-06-27,5/6/26,金融,上海,A轮
宝象金融,政策监管/法律法规风险,2015-03-01,2019-06-25,4/3/24,金融,上海,战略投资
易票网,现金流断裂,2014-09-01,2019-06-24,4/9/23,金融,四川,A轮
大马网,市场伪需求/商业模式匮乏,2012-10-01,2019-06-21,6/8/20,医疗健康,广东,尚未获投
爱投资,None,2013-01-01,2019-06-14,6/5/13,金融,北京,战略投资
闲鱼懒猫,商业模式匮乏/行业竞争,2017-11-01,2019-06-13,1/7/12,游戏,上海,天使轮
诺米宝,政策监管/法律法规风险,2015-07-01,2019-06-13,3/11/12,金融,北京,尚未获投
银驾网,烧钱/行业竞争,2015-09-01,2019-06-13,3/9/12,汽车交通,北京,天使轮
快乐智慧科技,业务过于分散/融资能力不足/转型问题/行业竞争,2015-09-01,2019-06-12,3/9/11,智能硬件,北京,A轮
比特易,None,2017-10-01,2019-06-10,1/8/9,金融,北京,战略投资
金信网,None,2013-12-01,2019-06-06,5/6/5,金融,北京,尚未获投
青苹果健康,商业模式匮乏,2013-08-01,2019-06-04,5/10/3,医疗健康,上海,B+轮
浩沙健身,None,1997-08-01,2019-06-04,21/10/3,体育运动,北京,尚未获投
鹅妹纸英语,None,2016-06-01,2019-06-01,3/0/0,教育,上海,尚未获投
街报,市场伪需求/商业模式匮乏,2015-06-01,2019-06-01,4/0/0,电子商务,北京,种子轮
不一,商业模式匮乏,2016-05-01,2019-06-01,3/1/0,本地生活,浙江,种子轮
卡漠物流,None,2015-01-01,2019-06-01,4/5/0,物流,陕西,尚未获投
TableLife壹桌网,市场伪需求/商业模式匮乏/产品入场时机,2015-04-01,2019-06-01,4/2/0,本地生活,上海,A轮
坚果理财,None,2015-11-01,2019-06-01,3/7/0,金融,上海,尚未获投
欢腾时刻,None,2015-05-01,2019-06-01,4/1/0,游戏,北京,A+轮
翊凡在线囧8,现金流断裂/融资能力不足,2015-04-01,2019-06-01,4/2/0,社交网络,北京,天使轮
早医挂号e陪诊,业务调整,2015-01-01,2019-06-01,4/5/0,医疗健康,北京,尚未获投
人人坊,政策监管,2018-01-01,2019-06-01,1/5/0,金融,北京,天使轮
人才易,产品入场时机,2015-08-01,2019-06-01,3/10/0,企业服务,北京,天使轮
宜比优,政策监管,2015-08-01,2019-06-01,3/10/0,金融,河北,尚未获投
WearElf穿戴精灵,市场伪需求,2015-01-01,2019-06-01,4/5/0,智能硬件,北京,尚未获投
欢旅金服,None,2016-01-01,2019-06-01,3/5/0,金融,上海,尚未获投
好友钱,市场伪需求/政策监管/法律法规风险,2015-05-01,2019-06-01,4/1/0,金融,北京,天使轮
蚁匠,现金流断裂/行业竞争,2015-12-01,2019-06-01,3/6/0,本地生活,北京,天使轮
跨域科技,None,2015-02-01,2019-06-01,4/4/0,企业服务,浙江,尚未获投
考拉班车,行业竞争,2015-03-01,2019-06-01,4/3/0,汽车交通,北京,已被收购
摇啊摇零食网,None,2015-01-01,2019-06-01,4/5/0,电子商务,北京,尚未获投
UBUS快巴科技,None,2015-07-01,2019-06-01,3/11/0,汽车交通,浙江,天使轮
美贝网,商业模式匮乏/行业竞争,2015-07-01,2019-06-01,3/11/0,文娱传媒,浙江,天使轮
天助婴才,None,2015-11-01,2019-06-01,3/7/0,教育,吉林,尚未获投
初夏时光,市场伪需求/商业模式匮乏,2015-07-01,2019-06-01,3/11/0,社交网络,江苏,天使轮
金柚金服,None,2017-12-01,2019-06-01,1/6/0,金融,浙江,尚未获投
七只考拉,产品缺陷严重/产品入场时机/烧钱/融资能力不足,2017-03-01,2019-06-01,2/3/0,本地生活,北京,A轮
晒油网,市场伪需求,2017-09-01,2019-06-01,1/9/0,电子商务,浙江,种子轮
去乐购,None,2015-01-01,2019-06-01,4/5/0,电子商务,四川,尚未获投
壹吉购,烧钱/现金流断裂/融资能力不足,2015-02-01,2019-06-01,4/4/0,电子商务,北京,A轮
乐跑屋,None,2015-05-01,2019-06-01,4/1/0,体育运动,四川,尚未获投
原油指数,商业模式匮乏/业务过于分散,2016-01-01,2019-06-01,3/5/0,金融,上海,尚未获投
阅界APP,商业模式匮乏,2013-04-01,2019-06-01,6/2/0,文娱传媒,北京,尚未获投
财经日历,商业模式匮乏/业务过于分散,2016-01-01,2019-06-01,3/5/0,金融,上海,尚未获投
神奇百货,市场伪需求/商业模式匮乏,2015-06-01,2019-06-01,4/0/0,电子商务,广东,A轮
尺寸,商业模式匮乏,2016-07-01,2019-06-01,2/11/0,电子商务,上海,尚未获投
犀牛小姐,商业模式匮乏,2015-05-01,2019-06-01,4/1/0,电子商务,北京,天使轮
口袋自考,商业模式匮乏,2015-07-01,2019-06-01,3/11/0,教育,北京,天使轮
小牛学社,None,2016-01-01,2019-06-01,3/5/0,教育,北京,尚未获投
倾城派,None,2015-04-01,2019-06-01,4/2/0,房产服务,江苏,尚未获投
物色APP,None,2016-01-01,2019-06-01,3/5/0,文娱传媒,北京,尚未获投
金盈所,None,2015-05-01,2019-06-01,4/1/0,金融,北京,尚未获投
创宏利,None,2017-04-01,2019-06-01,2/2/0,金融,福建,尚未获投
光速借款,None,2017-03-01,2019-06-01,2/3/0,金融,北京,尚未获投
嘀嘀配件,定价/成本问题,2015-07-01,2019-06-01,3/11/0,汽车交通,浙江,A轮
小丸子理财,None,2015-01-01,2019-06-01,4/5/0,金融,北京,尚未获投
梦想家Uhoem,行业竞争,2015-01-01,2019-06-01,4/5/0,房产服务,湖北,天使轮
安学网,None,2016-06-01,2019-06-01,3/0/0,教育,北京,不明确
影视网,市场伪需求,2016-02-01,2019-06-01,3/4/0,工具软件,北京,天使轮
玩转招聘,行业竞争,2015-08-01,2019-06-01,3/10/0,企业服务,江苏,尚未获投
朵信金融,行业竞争,2015-03-01,2019-06-01,4/3/0,汽车交通,上海,天使轮
兜哒玩具,定价/成本问题,2015-10-01,2019-06-01,3/8/0,电子商务,北京,天使轮
币赢网,None,2017-04-01,2019-06-01,2/2/0,金融,江苏,尚未获投
每日兼职,融资能力不足,2015-02-01,2019-06-01,4/4/0,企业服务,陕西,天使轮
CC车,None,2015-05-01,2019-06-01,4/1/0,汽车交通,北京,不明确
直播帝,定价/成本问题/营销不足,2016-01-01,2019-06-01,3/5/0,体育运动,北京,尚未获投
Yochat,市场伪需求/商业模式匮乏,2015-06-01,2019-06-01,4/0/0,社交网络,北京,尚未获投
轻触旅行,None,2017-07-01,2019-06-01,1/11/0,旅游,北京,尚未获投
医度健康,商业模式匮乏,2015-01-01,2019-06-01,4/5/0,医疗健康,北京,天使轮
职达文化,None,2015-08-01,2019-06-01,3/10/0,教育,上海,尚未获投
本地云,None,2015-02-01,2019-06-01,4/4/0,企业服务,北京,尚未获投
右脑人,市场伪需求/商业模式匮乏,2015-04-01,2019-06-01,4/2/0,社交网络,北京,天使轮
宠托托,None,2015-05-01,2019-06-01,4/1/0,本地生活,浙江,尚未获投
Logo酷,None,2015-08-01,2019-06-01,3/10/0,企业服务,北京,种子轮
进货宝,产品入场时机/烧钱,2015-04-01,2019-06-01,4/2/0,电子商务,北京,A轮
E间房,None,2015-06-01,2019-06-01,4/0/0,旅游,广东,尚未获投
蜗行旅游,None,2018-11-01,2019-06-01,0/7/0,旅游,河南,尚未获投
家园网,None,2015-08-01,2019-06-01,3/10/0,本地生活,北京,不明确
文峰华路,None,2015-05-01,2019-06-01,4/1/0,企业服务,天津,不明确
晒宝,None,2015-08-01,2019-06-01,3/10/0,电子商务,北京,尚未获投
空之国,业务过于分散,2017-01-01,2019-06-01,2/5/0,文娱传媒,浙江,天使轮
最生活zuivip,市场伪需求,2015-06-01,2019-06-01,4/0/0,本地生活,福建,天使轮
邻厨,市场伪需求/融资能力不足,2015-02-01,2019-06-01,4/4/0,本地生活,上海,天使轮
快马乐学,行业竞争,2016-01-01,2019-06-01,3/5/0,汽车交通,上海,天使轮
00,业务调整,2017-12-01,2019-06-01,1/6/0,企业服务,河南,尚未获投
爱房筹,政策监管/法律法规风险,2015-03-01,2019-06-01,4/3/0,房产服务,广东,A轮
洋葱范,产品入场时机/行业竞争,2015-09-01,2019-06-01,3/9/0,企业服务,浙江,天使轮
特买客,None,2015-04-01,2019-06-01,4/2/0,电子商务,广东,尚未获投
enjoy30秒发现好音乐,市场伪需求/商业模式匮乏/产品入场时机,2015-01-01,2019-06-01,4/5/0,文娱传媒,北京,天使轮
当妈啦网络,市场伪需求/商业模式匮乏/行业竞争,2015-06-01,2019-06-01,4/0/0,电子商务,北京,天使轮
人人趣学,None,2015-01-01,2019-06-01,4/5/0,教育,北京,尚未获投
嘚嘚,商业模式匮乏,2015-07-01,2019-06-01,3/11/0,社交网络,浙江,天使轮
米思晓科技Moment keyboard,商业模式匮乏/产品入场时机,2015-05-01,2019-06-01,4/1/0,工具软件,浙江,Pre-A轮
微溪金融,政策监管,2017-06-01,2019-06-01,2/0/0,金融,浙江,天使轮
投食儿,融资能力不足/行业竞争,2016-02-01,2019-06-01,3/4/0,本地生活,北京,种子轮
良医互联,融资能力不足/行业竞争,2015-07-01,2019-06-01,3/11/0,医疗健康,北京,天使轮
橙橙网络科技,None,2016-04-01,2019-06-01,3/2/0,新工业,广东,尚未获投
多啦衣梦,市场伪需求/业务调整/烧钱,2015-01-01,2019-06-01,4/5/0,电子商务,四川,A+轮
乐电充电,None,2015-01-01,2019-06-01,4/5/0,本地生活,浙江,尚未获投
嗨家网,烧钱/行业竞争,2015-06-01,2019-06-01,4/0/0,房产服务,上海,A轮
微记,None,2015-01-01,2019-06-01,4/5/0,工具软件,北京,尚未获投
莘荣投资,None,2015-12-01,2019-06-01,3/6/0,金融,北京,不明确
宅家里,None,2016-01-01,2019-06-01,3/5/0,社交网络,四川,尚未获投
广州图扑网络,市场伪需求,2015-09-01,2019-06-01,3/9/0,工具软件,广东,天使轮
爱哭网,None,2015-01-01,2019-06-01,4/5/0,医疗健康,上海,不明确
壹壹租车,烧钱/现金流断裂,2015-01-01,2019-06-01,4/5/0,汽车交通,北京,天使轮
跨无忧,市场伪需求,2015-05-01,2019-06-01,4/1/0,工具软件,湖北,天使轮
壹亩良田,None,2015-01-01,2019-06-01,4/5/0,金融,江苏,尚未获投
笑心盒子,市场伪需求,2015-10-01,2019-06-01,3/8/0,电子商务,北京,尚未获投
多金网,None,2015-01-01,2019-06-01,4/5/0,文娱传媒,北京,尚未获投
要嘛网络,None,2015-05-01,2019-06-01,4/1/0,企业服务,陕西,尚未获投
拍拍酱,市场伪需求/商业模式匮乏,2016-05-01,2019-06-01,3/1/0,电子商务,北京,天使轮
啊喔鹅,None,2015-04-01,2019-06-01,4/2/0,电子商务,北京,不明确
5A外包,None,2015-03-01,2019-06-01,4/3/0,企业服务,上海,尚未获投
瓜粉网,融资能力不足,2015-10-01,2019-06-01,3/8/0,电子商务,北京,尚未获投
铜仁生活网,None,2016-01-01,2019-06-01,3/5/0,本地生活,北京,不明确
世纪长鸿,None,2015-02-01,2019-06-01,4/4/0,广告营销,贵州,不明确
约财网,None,2015-01-01,2019-06-01,4/5/0,金融,上海,天使轮
听囊,None,2015-08-01,2019-06-01,3/10/0,文娱传媒,福建,尚未获投
11区,None,2015-08-01,2019-06-01,3/10/0,文娱传媒,浙江,不明确
oranbtc橙橙,商业模式匮乏,2016-04-01,2019-06-01,3/2/0,医疗健康,广东,尚未获投
车保姆,None,2015-07-01,2019-06-01,3/11/0,汽车交通,湖南,不明确
91抓娃娃,商业模式匮乏/现金流断裂,2017-10-01,2019-06-01,1/8/0,游戏,上海,天使轮
通宝文化,None,2015-02-01,2019-06-01,4/4/0,文娱传媒,山东,不明确
悟空单车,None,2016-09-01,2019-06-01,2/9/0,汽车交通,重庆,尚未获投
取资有道,政策监管/法律法规风险,2015-01-01,2019-06-01,4/5/0,金融,上海,天使轮
华泰金融,None,2015-04-01,2019-06-01,4/2/0,金融,上海,尚未获投
小鸣单车,烧钱/行业竞争,2016-07-01,2019-06-01,2/11/0,汽车交通,浙江,B轮
业务蜘蛛,市场伪需求,2015-06-01,2019-06-01,4/0/0,企业服务,广东,天使轮
FUNJUST范加科技,行业竞争,2015-03-01,2019-06-01,4/3/0,电子商务,北京,天使轮
美美搭家居,None,2015-05-01,2019-06-01,4/1/0,房产服务,广东,尚未获投
三不租,None,2017-04-01,2019-06-01,2/2/0,房产服务,浙江,天使轮
小狗管家,None,2015-01-01,2019-06-01,4/5/0,本地生活,北京,尚未获投
宠呗宠物,None,2015-04-01,2019-06-01,4/2/0,本地生活,广东,天使轮
棒小店,商业模式匮乏,2015-12-01,2019-06-01,3/6/0,电子商务,湖北,尚未获投
发财猪,None,2015-06-01,2019-06-01,4/0/0,金融,广东,尚未获投
东西APP,商业模式匮乏,2015-09-01,2019-06-01,3/9/0,社交网络,北京,天使轮
中祎正脊,None,2015-12-01,2019-06-01,3/6/0,医疗健康,广东,尚未获投
链行,None,2016-05-01,2019-06-01,3/1/0,金融,上海,尚未获投
很帅的投资客,市场伪需求/商业模式匮乏,2015-01-01,2019-06-01,4/5/0,金融,北京,天使轮
助学优品,商业模式匮乏,2015-12-01,2019-06-01,3/6/0,金融,北京,天使轮
懂购网,None,2015-01-01,2019-06-01,4/5/0,电子商务,湖北,不明确
河马充电,行业竞争/产品入场时机/烧钱,2016-12-01,2019-06-01,2/6/0,本地生活,北京,天使轮
旅兔,None,2015-08-01,2019-06-01,3/10/0,旅游,浙江,尚未获投
大象人事,产品入场时机,2016-03-01,2019-06-01,3/3/0,企业服务,浙江,天使轮
必盈金融,None,2015-06-01,2019-06-01,4/0/0,金融,浙江,天使轮
点秋香按摩,商业模式匮乏,2015-01-01,2019-06-01,4/5/0,医疗健康,北京,已被收购
e陪诊,商业模式匮乏/产品入场时机,2015-01-01,2019-06-01,4/5/0,医疗健康,北京,已被收购
十一平米车养护,None,2015-03-01,2019-06-01,4/3/0,汽车交通,湖北,A轮
盖房子,None,2015-08-01,2019-06-01,3/10/0,电子商务,上海,尚未获投
拇指金融,None,2015-07-01,2019-06-01,3/11/0,金融,上海,尚未获投
蚂蚁圈,None,2015-05-01,2019-06-01,4/1/0,电子商务,广东,尚未获投
跨屏测,市场伪需求,2015-12-01,2019-06-01,3/6/0,工具软件,北京,尚未获投
陪你动,None,2016-05-01,2019-06-01,3/1/0,体育运动,上海,尚未获投
纳豆旅行网,None,2015-06-01,2019-06-01,4/0/0,旅游,辽宁,不明确
安徽秒秒科技,融资能力不足/行业竞争,2015-04-01,2019-06-01,4/2/0,企业服务,安徽,尚未获投
闪电快递,None,2015-07-01,2019-06-01,3/11/0,物流,北京,尚未获投
优练科技,None,2015-11-01,2019-06-01,3/7/0,智能硬件,北京,尚未获投
贯通金服,None,2016-03-01,2019-06-01,3/3/0,金融,上海,尚未获投
奔奔物流,None,2015-04-01,2019-06-01,4/2/0,物流,江西,尚未获投
Bomm维拓网络,市场伪需求/业务过于分散,2016-01-01,2019-06-01,3/5/0,社交网络,上海,尚未获投
一枚硬币,None,2015-02-01,2019-06-01,4/4/0,金融,北京,不明确
易联校园,None,2015-05-01,2019-06-01,4/1/0,广告营销,广东,尚未获投
37度保,None,2015-07-01,2019-06-01,3/11/0,金融,北京,不明确
易卡帮,市场伪需求,2015-09-01,2019-06-01,3/9/0,本地生活,四川,尚未获投
城市助手,None,2015-11-01,2019-06-01,3/7/0,本地生活,广东,尚未获投
壹工坊,None,2015-01-01,2019-06-01,4/5/0,文娱传媒,广东,不明确
华汽羽悦,None,2015-03-01,2019-06-01,4/3/0,汽车交通,北京,不明确
溜溜地球,市场伪需求,2015-07-01,2019-06-01,3/11/0,旅游,重庆,天使轮
e喊就来,None,2015-01-01,2019-06-01,4/5/0,本地生活,江西,不明确
动次科技,None,2015-12-01,2019-06-01,3/6/0,社交网络,北京,尚未获投
猿团网,商业模式匮乏/现金流断裂,2015-06-01,2019-06-01,4/0/0,企业服务,四川,天使轮
LZB科瑞特,None,2015-09-01,2019-06-01,3/9/0,文娱传媒,广东,尚未获投
奥凡互动,None,2015-07-01,2019-06-01,3/11/0,游戏,广东,尚未获投
得宝理财,None,2017-03-01,2019-06-01,2/3/0,金融,浙江,尚未获投
Grace格致,None,2015-07-01,2019-06-01,3/11/0,电子商务,四川,尚未获投
小右共享充电宝,市场伪需求/烧钱/现金流断裂/营销不足,2016-12-01,2019-06-01,2/6/0,本地生活,浙江,种子轮
呀比呀比,市场伪需求/商业模式匮乏/业务过于分散,2015-02-01,2019-06-01,4/4/0,社交网络,北京,天使轮
野兽体育,None,2015-08-01,2019-06-01,3/10/0,文娱传媒,四川,不明确
寻球团,None,2015-03-01,2019-06-01,4/3/0,体育运动,北京,尚未获投
悍途微电商,None,2015-03-01,2019-06-01,4/3/0,电子商务,浙江,尚未获投
我快到,行业竞争,2015-03-01,2019-06-01,4/3/0,物流,北京,尚未获投
GoFit心糖宝,定价/成本问题,2015-08-01,2019-06-01,3/10/0,医疗健康,北京,尚未获投
UUWORK莜莜网络,None,2015-02-01,2019-06-01,4/4/0,社交网络,上海,尚未获投
Color公寓,产品入场时机/烧钱/政策监管,2015-06-01,2019-06-01,4/0/0,房产服务,广东,A轮
泷升鑫,商业模式匮乏/现金流断裂,2015-08-01,2019-06-01,3/10/0,企业服务,四川,尚未获投
鲲哲信息,市场伪需求,2016-07-01,2019-06-01,2/11/0,智能硬件,上海,尚未获投
家脉科技,None,2015-03-01,2019-06-01,4/3/0,企业服务,广东,不明确
民商基金,None,2016-01-01,2019-06-01,3/5/0,金融,上海,尚未获投
异构空间,None,2015-12-01,2019-06-01,3/6/0,新工业,北京,尚未获投
下班约,市场伪需求/商业模式匮乏,2015-01-01,2019-06-01,4/5/0,社交网络,广东,天使轮
Bikernel,None,2015-09-01,2019-06-01,3/9/0,体育运动,陕西,尚未获投
Cureinstant,None,2015-07-01,2019-06-01,3/11/0,医疗健康,亚洲,尚未获投
hopetrip,None,2016-01-01,2019-06-01,3/5/0,旅游,广东,尚未获投
面易,None,2015-04-01,2019-06-01,4/2/0,教育,北京,天使轮
秘密花园,None,2015-02-01,2019-06-01,4/4/0,社交网络,上海,尚未获投
千迈,None,2015-01-01,2019-06-01,4/5/0,旅游,广东,不明确
ONO,创始人问题,2017-12-01,2019-06-01,1/6/0,社交网络,北京,战略投资
优储理财,None,2016-01-01,2019-06-01,3/5/0,金融,上海,尚未获投
玉德云康,None,2015-09-01,2019-06-01,3/9/0,医疗健康,北京,尚未获投
聚币网,None,2016-02-01,2019-06-01,3/4/0,金融,北京,已被收购
爱美无忧,None,2015-05-01,2019-06-01,4/1/0,电子商务,四川,尚未获投
亲秘办公室管家,业务调整/转型问题,2015-06-01,2019-06-01,4/0/0,企业服务,北京,A轮
创业猫,None,2015-11-01,2019-06-01,3/7/0,企业服务,广东,尚未获投
骆驼金融,政策监管,2016-04-01,2019-06-01,3/2/0,金融,北京,尚未获投
轩捷信息,None,2015-02-01,2019-06-01,4/4/0,汽车交通,北京,尚未获投
JustChinese维一教育,产品入场时机/烧钱,2015-03-01,2019-06-01,4/3/0,教育,北京,种子轮
FireDATA火据数据,业务调整,2016-01-01,2019-06-01,3/5/0,企业服务,北京,天使轮
LocalFounder,None,2015-01-01,2019-06-01,4/5/0,旅游,北美洲,尚未获投
18+,定价/成本问题/营销不足,2015-12-01,2019-06-01,3/6/0,智能硬件,浙江,尚未获投
非农数据,商业模式匮乏,2015-05-01,2019-06-01,4/1/0,金融,上海,尚未获投
苏州多麦网络,None,2015-01-01,2019-06-01,4/5/0,电子商务,江苏,尚未获投
学创科技,None,2015-04-01,2019-06-01,4/2/0,广告营销,广东,A+轮
遇见人工智能,None,2017-06-01,2019-06-01,2/0/0,文娱传媒,广西,尚未获投
趣学摄影网,行业竞争,2015-02-01,2019-06-01,4/4/0,教育,陕西,尚未获投
藏客,商业模式匮乏,2015-03-01,2019-06-01,4/3/0,社交网络,浙江,天使轮
豹便利,None,2017-11-01,2019-06-01,1/7/0,本地生活,上海,尚未获投
即利宝,None,2016-11-01,2019-06-01,2/7/0,金融,四川,尚未获投
小丘机器人,产品缺陷严重/业务过于分散,2015-11-01,2019-06-01,3/7/0,社交网络,北京,天使轮
菜到啦,融资能力不足/行业竞争,2015-01-01,2019-06-01,4/5/0,电子商务,上海,天使轮
车大大,None,2015-03-01,2019-06-01,4/3/0,汽车交通,辽宁,尚未获投
酷海淘,现金流断裂/定价/成本问题,2015-01-01,2019-06-01,4/5/0,电子商务,北京,天使轮
舞吧,None,2015-04-01,2019-06-01,4/2/0,体育运动,北京,尚未获投
一诺网,None,2015-01-01,2019-06-01,4/5/0,体育运动,四川,尚未获投
DoubleDate小嘿科技,市场伪需求,2015-04-01,2019-06-01,4/2/0,社交网络,北京,Pre-A轮
车8洗车,None,2015-03-01,2019-06-01,4/3/0,汽车交通,北京,尚未获投
知友,市场伪需求/产品入场时机/行业竞争,2015-05-01,2019-06-01,4/1/0,企业服务,北京,天使轮
易助368,None,2015-05-01,2019-06-01,4/1/0,房产服务,江苏,尚未获投
空天量子,None,2016-12-01,2019-06-01,2/6/0,教育,北京,天使轮
球迷邦,None,2015-02-01,2019-06-01,4/4/0,体育运动,上海,尚未获投
狂图动漫,None,2016-03-01,2019-06-01,3/3/0,文娱传媒,广东,尚未获投
美味美礼,None,2015-04-01,2019-06-01,4/2/0,本地生活,北京,尚未获投
唐朝安全巡航TangScan,业务调整/产品入场时机,2015-01-01,2019-06-01,4/5/0,企业服务,北京,A轮
米线用车,产品入场时机/行业竞争,2015-01-01,2019-06-01,4/5/0,汽车交通,北京,天使轮
爱贝科技,None,2015-05-01,2019-06-01,4/1/0,教育,上海,不明确
雅堂小超,None,2016-11-01,2019-06-01,2/7/0,本地生活,北京,尚未获投
米金社,融资能力不足/政策监管,2015-07-01,2019-06-01,3/11/0,金融,浙江,尚未获投
一会网,None,2015-04-01,2019-06-01,4/2/0,企业服务,上海,不明确
直上,None,2015-06-01,2019-06-01,4/0/0,教育,北京,尚未获投
绘本大王,None,2015-05-01,2019-06-01,4/1/0,教育,广东,天使轮
赏必应,None,2015-05-01,2019-06-01,4/1/0,本地生活,广东,尚未获投
翡冷翠材料,None,2015-05-01,2019-06-01,4/1/0,新工业,广东,尚未获投
小护师,None,2015-04-01,2019-06-01,4/2/0,本地生活,北京,不明确
聚有钱,None,2016-11-01,2019-06-01,2/7/0,金融,北京,尚未获投
岸木设计,None,2015-04-01,2019-06-01,4/2/0,文娱传媒,广东,尚未获投
E分投,None,2015-01-01,2019-06-01,4/5/0,金融,上海,尚未获投
嘟嘟停车,商业模式匮乏,2015-03-01,2019-06-01,4/3/0,汽车交通,上海,天使轮
SpaceMax,市场伪需求,2016-05-01,2019-06-01,3/1/0,游戏,上海,尚未获投
智能万事屋,None,2015-06-01,2019-06-01,4/0/0,工具软件,上海,尚未获投
选牛网络,政策监管/法律法规风险,2015-03-01,2019-06-01,4/3/0,金融,北京,已被收购
大师之味,产品入场时机/行业竞争,2015-04-01,2019-06-01,4/2/0,本地生活,北京,天使轮
无人机基地,商业模式匮乏,2015-09-01,2019-06-01,3/9/0,文娱传媒,江苏,尚未获投
小芽科技,None,2015-07-01,2019-06-01,3/11/0,智能硬件,北京,尚未获投
北冥鱼游戏,现金流断裂/行业竞争,2018-05-01,2019-06-01,1/1/0,游戏,四川,尚未获投
阿呀学语,None,2015-08-01,2019-06-01,3/10/0,教育,广东,不明确
阿诺传奇,None,2015-03-01,2019-06-01,4/3/0,医疗健康,浙江,不明确
玉衡科技,None,2015-08-01,2019-06-01,3/10/0,企业服务,浙江,不明确
Pilotworks,烧钱/现金流断裂,2015-01-01,2019-06-01,4/5/0,本地生活,北美洲,A轮
快先生洗车,产品入场时机/烧钱,2015-06-01,2019-06-01,4/0/0,汽车交通,北京,Pre-A轮
FinitePaths Inc.,None,2016-02-01,2019-06-01,3/4/0,本地生活,北美洲,已被收购
水果营行,None,2015-06-01,2019-06-01,4/0/0,电子商务,广东,尚未获投
嘟嘟运货,None,2015-04-01,2019-06-01,4/2/0,物流,上海,尚未获投
知自行,None,2015-06-01,2019-06-01,4/0/0,旅游,北京,天使轮
优会网,商业模式匮乏/业务过于分散/业务调整,2015-05-01,2019-05-24,4/0/23,教育,四川,A轮
聚梦空间,None,2017-04-01,2019-05-20,2/1/19,房产服务,上海,尚未获投
抓钱猫,政策监管/法律法规风险,2014-08-01,2019-05-20,4/9/19,金融,浙江,B轮
网利宝,None,2014-01-01,2019-05-17,5/4/16,金融,北京,B轮
欧拉早教,None,2013-10-01,2019-05-13,5/7/12,教育,北京,A轮
爱贷网,法律法规风险/政策监管,2014-02-01,2019-05-13,5/3/12,金融,浙江,B轮
Fields甫田网,业务调整,2009-10-01,2019-05-01,9/7/0,电子商务,上海,已被收购
华芯通,None,2016-01-01,2019-04-30,3/3/29,企业服务,贵州,尚未获投
鼎复数据,创始人问题/团队能力不足,2015-07-01,2019-04-27,3/9/26,企业服务,北京,A轮
互利科技,行业竞争,2015-08-01,2019-04-26,3/8/25,企业服务,北京,天使轮
上海千加,商业模式匮乏/业务过于分散/行业竞争,2017-12-01,2019-04-23,1/4/22,金融,上海,尚未获投
鑫合汇,法律法规风险,2014-03-01,2019-04-07,5/1/6,金融,浙江,B轮
Roadstar.ai,创始人问题/与投资人冲突/团队能力不足/团队缺乏激情,2017-03-01,2019-04-04,2/1/3,汽车交通,广东,A轮
ABOX壹盒,商业模式匮乏,2016-11-01,2019-04-03,2/5/2,电子商务,上海,A轮
如风达快递,None,2008-01-01,2019-04-02,11/3/1,物流,北京,已被收购
全峰快递,不重视客户/业务调整,2010-11-01,2019-04-02,8/5/1,物流,北京,战略投资
团贷网,政策监管,2011-08-01,2019-04-01,7/8/0,金融,广东,D轮
位面游戏,None,2015-12-01,2019-04-01,3/4/0,游戏,广东,已被收购
咪蒙,None,2014-11-01,2019-03-31,4/4/30,文娱传媒,北京,尚未获投
熊猫直播,烧钱/现金流断裂/融资能力不足/行业竞争,2015-07-01,2019-03-30,3/8/29,文娱传媒,上海,B轮
创业松鼠,商业模式匮乏/业务调整,2015-12-01,2019-03-29,3/3/28,企业服务,广东,天使轮
黑氪HitCrunch,商业模式匮乏/业务调整,2015-12-01,2019-03-29,3/3/28,企业服务,广东,尚未获投
享骑电单车,None,2015-10-01,2019-03-27,3/5/26,汽车交通,上海,尚未获投
红岭创投,政策监管,2010-09-01,2019-03-24,8/6/23,金融,广东,天使轮
巧达数据,产品入场时机/行业竞争,2014-07-01,2019-03-23,4/8/22,企业服务,北京,B轮
雕刻时光,None,2002-11-01,2019-03-21,16/4/20,本地生活,北京,尚未获投
爱招聘,现金流断裂/行业竞争,2015-05-01,2019-03-20,3/10/19,企业服务,湖北,尚未获投
莎翁少儿家庭英语,市场伪需求,2013-08-01,2019-03-15,5/7/14,教育,上海,Pre-A轮
短简历,商业模式匮乏/行业竞争,2014-09-01,2019-03-08,4/6/7,企业服务,北京,A轮
种豆宝,None,2018-04-01,2019-03-04,0/11/3,金融,浙江,尚未获投
甜心摇滚沙拉,与投资人冲突/融资能力不足,2014-04-01,2019-03-04,4/11/3,本地生活,北京,B轮
短裤视频,商业模式匮乏/行业竞争,2013-11-01,2019-02-26,5/3/25,文娱传媒,上海,天使轮
上海植宠,业务调整,2015-04-01,2019-02-25,3/10/24,农业,上海,尚未获投
成长保,产品入场时机/行业竞争,2012-10-01,2019-02-23,6/4/22,教育,上海,B+轮
爱屋吉屋,烧钱/现金流断裂,2014-06-01,2019-01-31,4/7/30,房产服务,上海,E轮
美玩,商业模式匮乏/业务过于分散/行业竞争,2015-04-01,2019-01-28,3/9/27,社交网络,湖南,尚未获投
腾爱医生,None,2007-01-01,2019-01-25,12/0/24,医疗健康,广东,尚未获投
HR家招聘者联盟,业务调整/行业竞争,2015-04-01,2019-01-24,3/9/23,企业服务,浙江,天使轮
波丽金,商业模式匮乏/业务过于分散/行业竞争,2016-04-01,2019-01-22,2/9/21,文娱传媒,四川,种子轮
创投圈,现金流断裂/商业模式匮乏,2011-06-01,2019-01-21,7/7/20,金融,北京,B轮
CourseIn有教未来,现金流断裂/融资能力不足,2016-09-01,2019-01-19,2/4/18,教育,北京,已被收购
把把脉,商业模式匮乏/行业竞争,2015-03-01,2019-01-16,3/10/15,医疗健康,北京,天使轮
有融网,政策监管/法律法规风险,2014-08-01,2019-01-14,4/5/13,金融,浙江,A+轮
云猴,业务过于分散/行业竞争,2013-12-01,2019-01-08,5/1/7,电子商务,湖南,已上市
米茶屋,None,2012-10-01,2019-01-01,6/3/0,本地生活,浙江,尚未获投
帮帮企业合作平台,None,2015-06-01,2019-01-01,3/7/0,企业服务,北京,天使轮
宜贷网,法律法规风险,2014-07-01,2019-01-01,4/6/0,金融,上海,B轮
三锤资本,None,2016-03-01,2019-01-01,2/10/0,金融,广东,尚未获投
诚壹科技,None,2017-06-01,2019-01-01,1/7/0,新工业,广东,尚未获投
小鹿森林,业务调整/烧钱/行业竞争,2016-11-01,2019-01-01,2/2/0,电子商务,上海,天使轮
金银岛,现金流断裂/政策监管/法律法规风险,2004-03-01,2019-01-01,14/10/0,电子商务,北京,B轮
21美银,None,2014-01-01,2019-01-01,5/0/0,金融,北京,尚未获投
快递驿站,None,2014-08-01,2018-12-31,4/4/30,物流,北京,不明确
玖富微理财,业务调整,2014-01-01,2018-12-31,4/11/30,金融,北京,尚未获投
往来科技,市场伪需求/行业竞争,2014-10-01,2018-12-31,4/2/30,电子商务,北京,天使轮
父母帮,None,2014-06-01,2018-12-31,4/6/30,医疗健康,北京,不明确
优客旅游,None,2014-03-01,2018-12-31,4/9/30,旅游,山西,尚未获投
恩雪天使,商业模式匮乏/融资能力不足,2014-01-01,2018-12-31,4/11/30,本地生活,广东,天使轮
爱互融,政策监管/法律法规风险/行业竞争,2014-10-01,2018-12-31,4/2/30,金融,四川,天使轮
聚土地,None,2014-08-01,2018-12-31,4/4/30,电子商务,浙江,尚未获投
Yumist,市场伪需求,2014-11-01,2018-12-31,4/1/30,本地生活,亚洲,Pre-A轮
电商说,None,2014-10-01,2018-12-31,4/2/30,电子商务,北京,不明确
青年菜君,现金流断裂/行业竞争,2014-01-01,2018-12-31,4/11/30,电子商务,北京,B轮
厅客,业务过于分散/产品入场时机,2014-12-01,2018-12-31,4/0/30,本地生活,北京,Pre-A轮
漫画帮,现金流断裂/政策监管,2014-01-01,2018-12-31,4/11/30,文娱传媒,上海,Pre-A轮
做板子MakeYourBoard,None,2014-04-01,2018-12-31,4/8/30,新工业,上海,不明确
16120在线药店,业务过于分散/创始人问题,2014-08-01,2018-12-31,4/4/30,医疗健康,北京,尚未获投
口语角儿,业务过于分散,2014-08-01,2018-12-31,4/4/30,教育,北京,天使轮
带客通,融资能力不足,2014-07-01,2018-12-31,4/5/30,广告营销,陕西,尚未获投
美味盒子,None,2014-06-01,2018-12-31,4/6/30,企业服务,北京,尚未获投
养车e站,None,2014-09-01,2018-12-31,4/3/30,汽车交通,浙江,不明确
51运到,None,2014-08-01,2018-12-31,4/4/30,物流,上海,不明确
安坦,None,2014-09-01,2018-12-31,4/3/30,电子商务,浙江,尚未获投
春秋网络,None,2014-09-01,2018-12-31,4/3/30,体育运动,河南,不明确
0hiCN猿团科技,行业竞争,2014-10-01,2018-12-31,4/2/30,企业服务,四川,天使轮
北京以梦以泉科技,None,2014-01-01,2018-12-31,4/11/30,企业服务,北京,尚未获投
家装4S网,None,2014-07-01,2018-12-31,4/5/30,房产服务,浙江,尚未获投
好东西网,None,2014-07-01,2018-12-31,4/5/30,电子商务,上海,不明确
水一方,None,2014-06-01,2018-12-31,4/6/30,社交网络,北京,不明确
cocar共享租车,烧钱/融资能力不足/行业竞争,2014-09-01,2018-12-31,4/3/30,汽车交通,上海,天使轮
划动时代,融资能力不足/行业竞争,2014-06-01,2018-12-31,4/6/30,广告营销,北京,天使轮
安投安,None,2014-04-01,2018-12-31,4/8/30,金融,上海,不明确
驿元科技,现金流断裂,2014-03-01,2018-12-31,4/9/30,企业服务,广东,不明确
壹康复,烧钱/现金流断裂/行业竞争,2014-12-01,2018-12-31,4/0/30,医疗健康,浙江,A轮
金立,None,2014-09-01,2018-12-31,4/3/30,新工业,北京,尚未获投
熊猫私厨,None,2014-09-01,2018-12-31,4/3/30,本地生活,四川,不明确
国云电商,融资能力不足,2014-04-01,2018-12-31,4/8/30,电子商务,广东,尚未获投
为艺科技Wegenart,现金流断裂,2014-01-01,2018-12-31,4/11/30,教育,北京,天使轮
蚁群科技,None,2014-07-01,2018-12-31,4/5/30,企业服务,广东,不明确
我爱洗车,产品入场时机/烧钱/行业竞争,2014-12-01,2018-12-31,4/0/30,汽车交通,北京,天使轮
昂特兰德,None,2014-11-01,2018-12-31,4/1/30,文娱传媒,北京,不明确
我在,市场伪需求,2014-06-01,2018-12-31,4/6/30,旅游,湖北,不明确
杭州安肤科技ANVE,业务过于分散/转型问题,2014-02-01,2018-12-31,4/10/30,电子商务,浙江,天使轮
喷喷,市场伪需求/商业模式匮乏,2014-11-01,2018-12-31,4/1/30,社交网络,广东,不明确
潮玩社交,None,2014-02-01,2018-12-31,4/10/30,社交网络,北京,尚未获投
豪事达,市场伪需求,2014-04-01,2018-12-31,4/8/30,企业服务,湖北,不明确
安鲜水果,None,2014-03-01,2018-12-31,4/9/30,本地生活,四川,不明确
眯客,产品入场时机/行业竞争,2014-10-01,2018-12-31,4/2/30,旅游,上海,A轮
马上快递app,None,2014-07-01,2018-12-31,4/5/30,物流,上海,尚未获投
中体动力,融资能力不足,2014-09-01,2018-12-31,4/3/30,体育运动,北京,天使轮
微习惯,融资能力不足/营销不足/行业竞争,2014-01-01,2018-12-31,4/11/30,工具软件,福建,尚未获投
笨鸟海淘,创始人问题,2014-01-01,2018-12-31,4/11/30,物流,广东,A轮
好健,产品入场时机/烧钱,2014-03-01,2018-12-31,4/9/30,体育运动,广东,天使轮
橄榄公社APP,商业模式匮乏/产品入场时机/行业竞争,2014-08-01,2018-12-31,4/4/30,企业服务,北京,A轮
安心金融,None,2014-02-01,2018-12-31,4/10/30,金融,北京,不明确
北京空空科技,行业竞争,2014-01-01,2018-12-31,4/11/30,游戏,北京,天使轮
抢先花,None,2014-04-01,2018-12-31,4/8/30,金融,北京,尚未获投
探鹿,商业模式匮乏/行业竞争,2014-08-01,2018-12-31,4/4/30,企业服务,北京,A轮
爱情银行,None,2014-10-01,2018-12-31,4/2/30,社交网络,广东,尚未获投
沪爱健康,None,2014-03-01,2018-12-31,4/9/30,医疗健康,上海,不明确
PinkPink东翌互联,业务过于分散,2014-06-01,2018-12-31,4/6/30,电子商务,北京,不明确
神盾快运,融资能力不足,2014-08-01,2018-12-31,4/4/30,物流,上海,A轮
鸟蛋骑遇智能,市场伪需求/产品缺陷严重/烧钱/行业竞争,2014-12-01,2018-12-31,4/0/30,汽车交通,山东,天使轮
币换宝,None,2014-03-01,2018-12-31,4/9/30,金融,北京,尚未获投
那好网,现金流断裂/行业竞争,2014-06-01,2018-12-31,4/6/30,教育,北京,天使轮
深圳微时代,None,2014-07-01,2018-12-31,4/5/30,广告营销,广东,不明确
趣连旅行,None,2014-05-01,2018-12-31,4/7/30,旅游,北京,尚未获投
怪兽点赞机Monsterie,None,2014-07-01,2018-12-31,4/5/30,社交网络,北京,不明确
大河马网络,None,2014-07-01,2018-12-31,4/5/30,游戏,北京,不明确
果酱直播,产品入场时机/行业竞争,2014-08-01,2018-12-31,4/4/30,文娱传媒,广东,A+轮
追TA APP,None,2014-05-01,2018-12-31,4/7/30,社交网络,上海,尚未获投
埃尼科技,None,2014-02-01,2018-12-31,4/10/30,新工业,天津,不明确
淘心APP,业务调整,2014-07-01,2018-12-31,4/5/30,本地生活,广东,A轮
女生派,商业模式匮乏/产品入场时机,2014-09-01,2018-12-31,4/3/30,社交网络,北京,A轮
八荣网,政策监管,2014-08-01,2018-12-31,4/4/30,金融,北京,不明确
宅外卖,行业竞争,2014-04-01,2018-12-31,4/8/30,本地生活,江苏,尚未获投
又又,商业模式匮乏,2014-08-01,2018-12-31,4/4/30,社交网络,北京,天使轮
NOOLABEL私人衣橱,None,2014-01-01,2018-12-31,4/11/30,电子商务,上海,尚未获投
妈妈的菜,产品入场时机/烧钱,2014-12-01,2018-12-31,4/0/30,本地生活,北京,已被收购
美页,None,2014-06-01,2018-12-31,4/6/30,工具软件,上海,尚未获投
律金所,政策监管,2014-07-01,2018-12-31,4/5/30,金融,上海,尚未获投
瓦雷拉数据,商业模式匮乏,2014-08-01,2018-12-31,4/4/30,物流,上海,尚未获投
慢点APP,市场伪需求/商业模式匮乏,2014-12-01,2018-12-31,4/0/30,社交网络,上海,尚未获投
南京喵吧互动网络,None,2014-12-01,2018-12-31,4/0/30,本地生活,江苏,尚未获投
车Plus,市场伪需求/商业模式匮乏,2014-12-01,2018-12-31,4/0/30,汽车交通,广东,天使轮
奇遇派,市场伪需求,2014-10-01,2018-12-31,4/2/30,社交网络,浙江,不明确
新石器世纪科技,None,2014-06-01,2018-12-31,4/6/30,文娱传媒,北京,不明确
木瓜韩妆,业务过于分散/创始人问题,2014-01-01,2018-12-31,4/11/30,电子商务,北京,尚未获投
i园圈,None,2014-09-01,2018-12-31,4/3/30,本地生活,江苏,尚未获投
OO商城,市场伪需求/商业模式匮乏,2014-06-01,2018-12-31,4/6/30,本地生活,上海,天使轮
95180,商业模式匮乏/产品入场时机,2014-08-01,2018-12-31,4/4/30,电子商务,浙江,A轮
泰凯科技,None,2014-09-01,2018-12-31,4/3/30,工具软件,北京,A+轮
你我车平台,None,2014-10-01,2018-12-31,4/2/30,汽车交通,上海,天使轮
车先生,None,2014-08-01,2018-12-31,4/4/30,汽车交通,安徽,尚未获投
安易信,None,2014-06-01,2018-12-31,4/6/30,企业服务,北京,不明确
留学小助手,None,2014-10-01,2018-12-31,4/2/30,教育,北京,尚未获投
88贷投资理财平台,None,2014-02-01,2018-12-31,4/10/30,金融,重庆,天使轮
90校招网,None,2014-03-01,2018-12-31,4/9/30,社交网络,安徽,不明确
爱妮微,None,2014-10-01,2018-12-31,4/2/30,工具软件,北京,不明确
好问律师,None,2014-07-01,2018-12-31,4/5/30,企业服务,北京,不明确
小区快点,业务调整/烧钱,2014-10-01,2018-12-31,4/2/30,电子商务,广东,A轮
闪闪APP,市场伪需求,2014-01-01,2018-12-31,4/11/30,社交网络,北京,天使轮
易游乐租,None,2014-11-01,2018-12-31,4/1/30,房产服务,江苏,不明确
OSSIC,产品缺陷严重,2014-08-01,2018-12-31,4/4/30,文娱传媒,北美洲,种子轮
Eatonomist,None,2014-01-01,2018-12-31,4/11/30,本地生活,亚洲,尚未获投
品筹网,None,2014-06-01,2018-12-31,4/6/30,本地生活,广东,尚未获投
优点APP,产品入场时机/行业竞争,2014-11-01,2018-12-31,4/1/30,本地生活,上海,天使轮
众标企业服务招标平台,商业模式匮乏,2014-08-01,2018-12-31,4/4/30,企业服务,四川,尚未获投
橙课网络,None,2014-09-01,2018-12-31,4/3/30,游戏,上海,不明确
云助贷,政策监管,2014-01-01,2018-12-31,4/11/30,金融,浙江,尚未获投
快有家租房网,商业模式匮乏/行业竞争,2014-06-01,2018-12-31,4/6/30,房产服务,北京,A轮
炫骥网络,现金流断裂,2014-06-01,2018-12-31,4/6/30,游戏,上海,天使轮
食材大师,None,2014-01-01,2018-12-31,4/11/30,电子商务,上海,尚未获投
买菜邦,定价/成本问题/行业竞争,2014-07-01,2018-12-31,4/5/30,本地生活,广东,尚未获投
桔子伟业,现金流断裂/行业竞争,2014-07-01,2018-12-31,4/5/30,智能硬件,广东,尚未获投
多萌互动,None,2014-07-01,2018-12-31,4/5/30,教育,北京,天使轮
游戏大全,业务过于分散,2014-11-01,2018-12-31,4/1/30,游戏,北京,不明确
甜蜜淘,行业竞争,2014-06-01,2018-12-31,4/6/30,电子商务,浙江,尚未获投
光圈直播,产品入场时机/行业竞争,2014-12-01,2018-12-31,4/0/30,文娱传媒,北京,天使轮
新蜂游戏,None,2014-02-01,2018-12-31,4/10/30,游戏,湖北,尚未获投
aoboyo,None,2014-12-01,2018-12-31,4/0/30,本地生活,黑龙江,不明确
黑天鹅科技,None,2014-07-01,2018-12-31,4/5/30,企业服务,北京,天使轮
Tinsee天时智能腕表,市场伪需求,2014-04-01,2018-12-31,4/8/30,智能硬件,广东,天使轮
游乎网,行业竞争,2014-09-01,2018-12-31,4/3/30,旅游,广东,不明确
真有料,商业模式匮乏/行业竞争,2014-01-01,2018-12-31,4/11/30,文娱传媒,北京,尚未获投
新西少,业务调整,2014-11-01,2018-12-31,4/1/30,本地生活,北京,天使轮
萝卜停车,产品缺陷严重/转型问题,2014-04-01,2018-12-31,4/8/30,汽车交通,北京,天使轮
CatchChat秒视,产品入场时机/行业竞争,2014-07-01,2018-12-31,4/5/30,社交网络,广东,A轮
食好运煎饼,商业模式匮乏/烧钱/现金流断裂,2014-06-01,2018-12-31,4/6/30,本地生活,北京,天使轮
Fireforge Games,团队能力不足/现金流断裂,2014-01-01,2018-12-31,4/11/30,游戏,北美洲,A轮
车锐科技,商业模式匮乏,2013-05-01,2018-12-31,5/7/30,汽车交通,江苏,尚未获投
筷子旅行,市场伪需求/商业模式匮乏/行业竞争,2014-07-01,2018-12-31,4/5/30,旅游,北京,天使轮
日晖科技,None,2014-08-01,2018-12-31,4/4/30,企业服务,江苏,不明确
华特美伦,None,2014-04-01,2018-12-31,4/8/30,社交网络,北京,A+轮
同病相联,商业模式匮乏,2014-10-01,2018-12-31,4/2/30,医疗健康,广东,尚未获投
有票网,None,2014-06-01,2018-12-31,4/6/30,电子商务,河南,尚未获投
爱滑雪,市场伪需求/商业模式匮乏,2014-12-01,2018-12-31,4/0/30,体育运动,北京,天使轮
云梯,None,2014-01-01,2018-12-31,4/11/30,企业服务,四川,不明确
酒窝网,None,2014-12-01,2018-12-31,4/0/30,电子商务,福建,尚未获投
理想迈斯林,None,2014-04-01,2018-12-31,4/8/30,教育,四川,不明确
学堂路,None,2014-05-01,2018-12-31,4/7/30,教育,北京,不明确
小莫,None,2014-05-01,2018-12-31,4/7/30,社交网络,江苏,不明确
趣火星,市场伪需求,2014-08-01,2018-12-31,4/4/30,文娱传媒,北京,不明确
慈善团,None,2014-06-01,2018-12-31,4/6/30,企业服务,广西,不明确
秒秒微信,融资能力不足,2014-03-01,2018-12-31,4/9/30,企业服务,安徽,尚未获投
Chariot,业务过于分散/产品缺陷严重/烧钱,2014-04-01,2018-12-31,4/8/30,汽车交通,北美洲,已被收购
医药黑板报,None,2014-01-01,2018-12-31,4/11/30,医疗健康,广东,不明确
AOI技术网,None,2014-05-01,2018-12-31,4/7/30,社交网络,广东,不明确
一呼ehoo.biz,商业模式匮乏,2014-03-01,2018-12-31,4/9/30,广告营销,江苏,天使轮
宅不住,商业模式匮乏,2014-09-01,2018-12-31,4/3/30,体育运动,北京,尚未获投
猫卡,None,2014-12-01,2018-12-31,4/0/30,汽车交通,北京,天使轮
悦我,None,2014-05-01,2018-12-31,4/7/30,金融,上海,不明确
今天,None,2014-01-01,2018-12-31,4/11/30,工具软件,上海,尚未获投
基本世界,None,2014-12-01,2018-12-31,4/0/30,电子商务,四川,尚未获投
携手进步网,None,2014-01-01,2018-12-31,4/11/30,教育,山东,不明确
奥企达,None,2014-05-01,2018-12-31,4/7/30,广告营销,北京,不明确
跑团小秘,None,2014-12-01,2018-12-31,4/0/30,体育运动,北京,尚未获投
口袋恋人,市场伪需求/商业模式匮乏,2014-12-01,2018-12-31,4/0/30,社交网络,广东,天使轮
老师来了,现金流断裂/融资能力不足,2014-07-01,2018-12-31,4/5/30,教育,浙江,A轮
班讯通,None,2014-01-01,2018-12-31,4/11/30,教育,北京,不明确
疯狂老师,现金流断裂/转型问题,2014-12-01,2018-12-31,4/0/30,教育,上海,C轮
艺人捧场,None,2014-10-01,2018-12-31,4/2/30,文娱传媒,北京,尚未获投
蚂蚁校园,行业竞争,2014-10-01,2018-12-31,4/2/30,企业服务,北京,天使轮
车极客MotorGeek,烧钱/行业竞争,2014-04-01,2018-12-31,4/8/30,汽车交通,北京,天使轮
果食帮,市场伪需求/商业模式匮乏,2014-06-01,2018-12-31,4/6/30,电子商务,广东,天使轮
真房网,None,2014-03-01,2018-12-31,4/9/30,房产服务,浙江,尚未获投
豆号网,商业模式匮乏/转型问题,2014-11-01,2018-12-31,4/1/30,社交网络,辽宁,天使轮
摘客,None,2014-06-01,2018-12-31,4/6/30,文娱传媒,浙江,尚未获投
阿睿兹科技,None,2014-12-01,2018-12-31,4/0/30,企业服务,上海,尚未获投
WeCampus,商业模式匮乏/业务过于分散,2014-02-01,2018-12-31,4/10/30,社交网络,上海,天使轮
广州吃货科技,None,2014-11-01,2018-12-31,4/1/30,本地生活,广东,尚未获投
安宜贷,None,2014-01-01,2018-12-31,4/11/30,金融,广东,不明确
用家生活,None,2014-01-01,2018-12-31,4/11/30,电子商务,广东,尚未获投
友友用车,烧钱/行业竞争,2014-03-01,2018-12-31,4/9/30,汽车交通,北京,A+轮
唯一优品,与投资人冲突/烧钱,2014-10-01,2018-12-31,4/2/30,电子商务,广东,A轮
鹿吉家DeerBabe,商业模式匮乏,2014-11-01,2018-12-31,4/1/30,电子商务,上海,尚未获投
蓝鲸直播,商业模式匮乏/行业竞争,2014-06-01,2018-12-31,4/6/30,文娱传媒,北京,A轮
应应,产品入场时机/转型问题,2014-07-01,2018-12-31,4/5/30,本地生活,北京,天使轮
大厨网,烧钱/行业竞争,2014-03-01,2018-12-31,4/9/30,本地生活,北京,A轮
hiStarter奇创网,行业竞争,2014-09-01,2018-12-31,4/3/30,企业服务,上海,A轮
同窗兼职,产品入场时机/行业竞争,2014-11-01,2018-12-31,4/1/30,企业服务,天津,天使轮
泰博数据TalentBot,None,2014-06-01,2018-12-31,4/6/30,企业服务,上海,尚未获投
趣淘车,市场伪需求,2014-01-01,2018-12-31,4/11/30,汽车交通,北京,天使轮
在路上旅行社区,None,2014-01-01,2018-12-31,4/11/30,旅游,北京,尚未获投
小组涨,None,2014-12-01,2018-12-31,4/0/30,金融,上海,尚未获投
傲洽招聘,None,2014-06-01,2018-12-31,4/6/30,社交网络,北京,不明确
游禅网络,现金流断裂,2014-12-01,2018-12-31,4/0/30,游戏,上海,天使轮
买烟网,定价/成本问题/营销不足,2014-08-01,2018-12-31,4/4/30,电子商务,广东,尚未获投
约教练,市场伪需求/商业模式匮乏/烧钱,2014-10-01,2018-12-31,4/2/30,体育运动,北京,天使轮
快创业,融资能力不足/行业竞争,2014-05-01,2018-12-31,4/7/30,企业服务,江苏,尚未获投
虾逛互动,市场伪需求/业务调整/转型问题,2014-03-01,2018-12-31,4/9/30,本地生活,广东,天使轮
Pickingo,产品入场时机/行业竞争,2014-11-01,2018-12-31,4/1/30,物流,亚洲,种子轮
微微拼车VV拼车,烧钱/融资能力不足/行业竞争,2014-03-01,2018-12-31,4/9/30,汽车交通,北京,A轮
微飞MicroFly,市场伪需求/商业模式匮乏,2014-06-01,2018-12-31,4/6/30,工具软件,上海,天使轮
亲陪APP,None,2014-09-01,2018-12-31,4/3/30,教育,上海,尚未获投
SelfStore,None,2014-05-01,2018-12-31,4/7/30,电子商务,广东,尚未获投
91节节高,None,2014-03-01,2018-12-31,4/9/30,金融,河南,不明确
小蚁BitAngelsClub,现金流断裂/政策监管,2014-01-01,2018-12-31,4/11/30,金融,上海,天使轮
91汽车,商业模式匮乏,2013-12-01,2018-12-31,5/0/30,汽车交通,北京,尚未获投
汽车美容养护网,None,2014-07-01,2018-12-31,4/5/30,汽车交通,广东,不明确
多多宝,业务调整,2014-03-01,2018-12-31,4/9/30,金融,上海,不明确
RXACTIVE,None,2014-06-01,2018-12-31,4/6/30,智能硬件,北美洲,不明确
萌想APP,None,2014-10-01,2018-12-31,4/2/30,社交网络,湖北,尚未获投
挖豆WADO,市场伪需求/商业模式匮乏,2014-07-01,2018-12-31,4/5/30,社交网络,福建,天使轮
学翼宝,融资能力不足,2014-11-01,2018-12-31,4/1/30,教育,湖北,不明确
七彩家,市场伪需求/商业模式匮乏/业务过于分散,2014-12-01,2018-12-31,4/0/30,本地生活,浙江,天使轮
小圆桌,市场伪需求,2014-06-01,2018-12-31,4/6/30,企业服务,北京,种子轮
阿尔昆,None,2014-11-01,2018-12-31,4/1/30,金融,湖北,不明确
赢多多,None,2014-08-01,2018-12-31,4/4/30,金融,北京,尚未获投
抢鲜购,None,2014-08-01,2018-12-31,4/4/30,电子商务,上海,尚未获投
行李网,None,2014-05-01,2018-12-31,4/7/30,物流,北京,不明确
葱课CongAcademy,市场伪需求/行业竞争,2014-07-01,2018-12-31,4/5/30,教育,浙江,天使轮
黑豆吉他,定价/成本问题/营销不足,2014-11-01,2018-12-31,4/1/30,智能硬件,江苏,尚未获投
发起人,None,2014-05-01,2018-12-31,4/7/30,本地生活,湖南,尚未获投
微友,None,2014-08-01,2018-12-31,4/4/30,本地生活,湖北,不明确
足球控,现金流断裂,2014-01-01,2018-12-31,4/11/30,体育运动,广东,Pre-A轮
卡卡二手车,None,2014-06-01,2018-12-31,4/6/30,汽车交通,广东,不明确
大师有空,市场伪需求,2014-11-01,2018-12-31,4/1/30,工具软件,四川,Pre-A轮
橙学,融资能力不足,2014-10-01,2018-12-31,4/2/30,教育,湖北,不明确
腾粤传媒,None,2014-03-01,2018-12-31,4/9/30,广告营销,广东,不明确
锥芒科技,不重视客户,2014-04-01,2018-12-31,4/8/30,企业服务,北京,尚未获投
10栋,市场伪需求,2014-04-01,2018-12-31,4/8/30,社交网络,湖北,尚未获投
飞华互动,None,2014-07-01,2018-12-31,4/5/30,游戏,天津,不明确
创客Inn,融资能力不足/行业竞争,2013-11-01,2018-12-31,5/1/30,企业服务,北京,天使轮
叁友科技,None,2014-12-01,2018-12-31,4/0/30,体育运动,北京,尚未获投
91云联盟,None,2014-09-01,2018-12-31,4/3/30,广告营销,山东,尚未获投
安徽散客旅游服务网,None,2014-03-01,2018-12-31,4/9/30,旅游,安徽,不明确
运动邦,定价/成本问题/行业竞争,2014-05-01,2018-12-31,4/7/30,体育运动,江苏,尚未获投
猎人贷,政策监管,2014-09-01,2018-12-31,4/3/30,金融,江苏,尚未获投
约车吧,市场伪需求,2014-07-01,2018-12-31,4/5/30,汽车交通,广东,尚未获投
引力波,None,2014-07-01,2018-12-31,4/5/30,文娱传媒,北京,天使轮
GraceBaye,商业模式匮乏/融资能力不足,2014-11-01,2018-12-31,4/1/30,电子商务,广东,天使轮
高友,市场伪需求/商业模式匮乏,2014-07-01,2018-12-31,4/5/30,社交网络,广东,天使轮
宠物医生APP,None,2014-01-01,2018-12-31,4/11/30,本地生活,北京,尚未获投
我的私厨,商业模式匮乏,2014-08-01,2018-12-31,4/4/30,本地生活,浙江,天使轮
e宅生活,None,2014-05-01,2018-12-31,4/7/30,本地生活,湖南,不明确
友车,None,2014-07-01,2018-12-31,4/5/30,汽车交通,北京,不明确
2搜车,None,2014-05-01,2018-12-31,4/7/30,汽车交通,四川,不明确
歌志网络轻元素,营销不足,2014-07-01,2018-12-31,4/5/30,体育运动,上海,天使轮
猫头鹰·动漫淘,市场伪需求/商业模式匮乏,2014-09-01,2018-12-31,4/3/30,电子商务,浙江,种子轮
会题库,产品入场时机/行业竞争,2014-05-01,2018-12-31,4/7/30,教育,四川,不明确
呵呵HackPlan,None,2014-07-01,2018-12-31,4/5/30,社交网络,江苏,不明确
E租宝,None,2014-02-01,2018-12-31,4/10/30,金融,北京,尚未获投
Young学吧科技,商业模式匮乏,2014-03-01,2018-12-31,4/9/30,社交网络,北京,不明确
好厨师,None,2014-09-01,2018-12-31,4/3/30,本地生活,上海,B轮
安个家,产品入场时机/行业竞争,2014-12-01,2018-12-31,4/0/30,房产服务,上海,天使轮
节点,商业模式匮乏/行业竞争,2014-07-01,2018-12-31,4/5/30,工具软件,四川,尚未获投
云测练,业务过于分散,2014-12-01,2018-12-31,4/0/30,教育,北京,尚未获投
萝卜兔,产品入场时机/行业竞争,2014-11-01,2018-12-31,4/1/30,企业服务,北京,天使轮
百诺达,None,2014-07-01,2018-12-31,4/5/30,企业服务,天津,尚未获投
邻家约车,行业竞争,2014-05-01,2018-12-31,4/7/30,汽车交通,上海,不明确
新融网,商业模式匮乏,2014-04-01,2018-12-31,4/8/30,金融,北京,尚未获投
留美盒子,None,2014-04-01,2018-12-31,4/8/30,教育,上海,尚未获投
特土网,产品入场时机/行业竞争,2014-05-01,2018-12-31,4/7/30,电子商务,北京,天使轮
3Cfix,None,2014-12-01,2018-12-31,4/0/30,企业服务,广东,不明确
装修我家网,None,2014-09-01,2018-12-31,4/3/30,房产服务,江苏,尚未获投
和谁去U-UTravel,市场伪需求,2014-09-01,2018-12-31,4/3/30,旅游,北京,天使轮
荷花亲子,烧钱/行业竞争,2014-10-01,2018-12-31,4/2/30,电子商务,广东,已被收购
极旅行Geetrip,None,2014-10-01,2018-12-31,4/2/30,旅游,北京,尚未获投
M档案,融资能力不足/行业竞争,2014-05-01,2018-12-31,4/7/30,医疗健康,北京,不明确
华平智慧,None,2014-03-01,2018-12-31,4/9/30,企业服务,北京,不明确
智慧金融,None,2014-10-01,2018-12-31,4/2/30,金融,北京,不明确
一品折,创始人问题,2014-09-01,2018-12-31,4/3/30,电子商务,浙江,不明确
华智公司,业务调整,2014-08-01,2018-12-31,4/4/30,企业服务,北京,天使轮
云众地产,业务调整,2012-03-01,2018-12-31,6/9/30,房产服务,江苏,不明确
美滴APP,None,2014-08-01,2018-12-31,4/4/30,本地生活,北京,不明确
油通网络,创始人问题/现金流断裂,2014-03-01,2018-12-31,4/9/30,汽车交通,北京,天使轮
快递超人,None,2014-06-01,2018-12-31,4/6/30,物流,浙江,不明确
汇客宝,融资能力不足,2014-09-01,2018-12-31,4/3/30,智能硬件,上海,天使轮
Tastor家尝,市场伪需求,2014-12-01,2018-12-31,4/0/30,本地生活,上海,不明确
投顾资本,None,2014-03-01,2018-12-31,4/9/30,金融,安徽,不明确
淘车之家,None,2014-04-01,2018-12-31,4/8/30,汽车交通,辽宁,不明确
小点网络,None,2014-08-01,2018-12-31,4/4/30,企业服务,安徽,不明确
爱家APP,None,2014-11-01,2018-12-31,4/1/30,工具软件,北京,不明确
药给力,烧钱/现金流断裂/融资能力不足,2014-10-01,2018-12-31,4/2/30,医疗健康,北京,A轮
金易融,融资能力不足/政策监管/法律法规风险/行业竞争,2014-02-01,2018-12-31,4/10/30,金融,北京,不明确
桔子热线,市场伪需求/商业模式匮乏/产品入场时机,2014-07-01,2018-12-31,4/5/30,社交网络,上海,B轮
牛油果科技,None,2014-09-01,2018-12-31,4/3/30,电子商务,广东,不明确
佑米金融,None,2014-05-01,2018-12-31,4/7/30,金融,浙江,尚未获投
卡菲鱼,None,2014-09-01,2018-12-31,4/3/30,本地生活,北京,尚未获投
深圳希品科技,None,2014-06-01,2018-12-31,4/6/30,医疗健康,广东,尚未获投
题钱移动调研,法律法规风险,2014-11-01,2018-12-31,4/1/30,工具软件,上海,天使轮
玲动智能风,现金流断裂/定价/成本问题,2014-09-01,2018-12-31,4/3/30,智能硬件,福建,天使轮
启迪创意,None,2014-04-01,2018-12-31,4/8/30,房产服务,北京,不明确
简玩校园,None,2014-12-01,2018-12-31,4/0/30,旅游,浙江,尚未获投
微观资讯,None,2014-01-01,2018-12-31,4/11/30,文娱传媒,北京,尚未获投
淘汽配,产品入场时机,2014-11-01,2018-12-31,4/1/30,汽车交通,四川,A轮
创由科技,None,2014-04-01,2018-12-31,4/8/30,汽车交通,湖北,尚未获投
众咖朋啡,None,2014-11-01,2018-12-31,4/1/30,电子商务,北京,A+轮
菁优数学,行业竞争,2014-08-01,2018-12-31,4/4/30,教育,北京,不明确
咻,行业竞争,2014-04-01,2018-12-31,4/8/30,社交网络,北京,不明确
派喔得,None,2014-03-01,2018-12-31,4/9/30,广告营销,上海,不明确
载歌载舞旅游网,业务调整,2014-01-01,2018-12-31,4/11/30,旅游,北京,尚未获投
我是业务网,None,2014-08-01,2018-12-31,4/4/30,本地生活,广东,不明确
七楼网,None,2014-09-01,2018-12-31,4/3/30,企业服务,广东,不明确
微师,行业竞争,2014-03-01,2018-12-31,4/9/30,教育,北京,不明确
离线offline,None,2014-04-01,2018-12-31,4/8/30,文娱传媒,北京,天使轮
烧饭饭,市场伪需求,2014-12-01,2018-12-31,4/0/30,本地生活,上海,C轮
口袋育儿社区,商业模式匮乏/融资能力不足,2012-03-01,2018-12-31,6/9/30,社交网络,北京,尚未获投
靠谱汇,业务调整,2014-01-01,2018-12-31,4/11/30,社交网络,上海,不明确
7+健身,融资能力不足,2014-04-01,2018-12-31,4/8/30,体育运动,北京,已被收购
AX-Mini,None,2014-10-01,2018-12-31,4/2/30,企业服务,四川,不明确
TalentPad,None,2014-02-01,2018-12-31,4/10/30,企业服务,亚洲,尚未获投
99+网,None,2014-12-01,2018-12-31,4/0/30,企业服务,江西,尚未获投
博湃养车,商业模式匮乏/现金流断裂,2013-12-01,2018-12-31,5/0/30,汽车交通,北京,B轮
唯品国际,None,2014-11-01,2018-12-31,4/1/30,智能硬件,广东,不明确
股神摇摇,None,2014-02-01,2018-12-31,4/10/30,金融,广东,尚未获投
心跳,商业模式匮乏/行业竞争,2014-01-01,2018-12-31,4/11/30,社交网络,北京,天使轮
猫萌网络,市场伪需求/商业模式匮乏,2014-09-01,2018-12-31,4/3/30,电子商务,浙江,天使轮
喵喵,None,2014-01-01,2018-12-31,4/11/30,本地生活,北京,尚未获投
JOYMAN,商业模式匮乏,2014-11-01,2018-12-31,4/1/30,电子商务,上海,尚未获投
深圳蜂与鸟,None,2014-03-01,2018-12-31,4/9/30,游戏,广东,尚未获投
装备公园,现金流断裂,2014-01-01,2018-12-31,4/11/30,体育运动,北京,不明确
放心宝,产品入场时机,2014-03-01,2018-12-31,4/9/30,医疗健康,广东,Pre-A轮
机器猫口袋,None,2014-06-01,2018-12-31,4/6/30,本地生活,江苏,尚未获投
探宝,None,2014-11-01,2018-12-31,4/1/30,金融,广东,不明确
潘多拉锁屏,市场伪需求/融资能力不足,2014-07-01,2018-12-31,4/5/30,工具软件,北京,Pre-A轮
玲动风尚,现金流断裂,2014-10-01,2018-12-31,4/2/30,智能硬件,福建,不明确
奥怡信息,None,2014-06-01,2018-12-31,4/6/30,企业服务,广东,不明确
血糖宝,商业模式匮乏,2014-06-01,2018-12-31,4/6/30,医疗健康,天津,天使轮
一修工作室,商业模式匮乏,2014-04-01,2018-12-31,4/8/30,企业服务,江苏,天使轮
印色,业务调整,2014-01-01,2018-12-31,4/11/30,电子商务,广东,尚未获投
八融宝,现金流断裂/政策监管,2014-09-01,2018-12-31,4/3/30,金融,广东,尚未获投
眯眯生活,融资能力不足,2014-09-01,2018-12-31,4/3/30,社交网络,广东,天使轮
特贰,None,2014-08-01,2018-12-31,4/4/30,电子商务,北京,尚未获投
36度,行业竞争,2014-06-01,2018-12-31,4/6/30,医疗健康,北京,不明确
A线之家,None,2014-02-01,2018-12-31,4/10/30,房产服务,上海,不明确
Agada传太医,商业模式匮乏,2014-01-01,2018-12-31,4/11/30,医疗健康,上海,天使轮
野薄荷,市场伪需求,2014-09-01,2018-12-31,4/3/30,文娱传媒,北京,尚未获投
正点办公,现金流断裂,2014-03-01,2018-12-31,4/9/30,企业服务,广东,不明确
车兔,行业竞争,2014-10-01,2018-12-31,4/2/30,汽车交通,北京,尚未获投
优活乐选高尔夫,None,2014-11-01,2018-12-31,4/1/30,体育运动,北京,不明确
安妮妹妹网,None,2014-09-01,2018-12-31,4/3/30,电子商务,上海,尚未获投
Last Guide,业务调整,2014-04-01,2018-12-31,4/8/30,工具软件,北美洲,天使轮
工作趣,None,2014-12-01,2018-12-31,4/0/30,企业服务,北京,尚未获投
轻客,行业竞争,2014-12-01,2018-12-31,4/0/30,本地生活,浙江,天使轮
叮叮交友,市场伪需求/商业模式匮乏,2014-11-01,2018-12-31,4/1/30,社交网络,北京,不明确
寓见城市青年公寓,现金流断裂/法律法规风险,2014-03-01,2018-12-31,4/9/30,房产服务,上海,B轮
信捷转运,商业模式匮乏,2014-04-01,2018-12-31,4/8/30,电子商务,广东,不明确
简米系统,None,2014-01-01,2018-12-31,4/11/30,新工业,上海,天使轮
e快送,None,2014-11-01,2018-12-31,4/1/30,物流,北京,不明确
索度互联,业务过于分散/行业竞争,2014-08-01,2018-12-31,4/4/30,教育,广东,天使轮
新餐馆,业务过于分散/团队能力不足,2017-02-01,2018-12-28,1/10/27,企业服务,湖北,尚未获投
多听网络,现金流断裂/行业竞争,2012-08-01,2018-12-27,6/4/26,文娱传媒,浙江,B轮
车听宝,现金流断裂/行业竞争,2015-01-01,2018-12-27,3/11/26,智能硬件,浙江,B轮
摩科生物,商业模式匮乏/行业竞争,2016-08-01,2018-12-21,2/4/20,医疗健康,浙江,种子轮
币联盟,商业模式匮乏/业务过于分散/团队缺乏激情/行业竞争,2018-06-01,2018-12-18,0/6/17,金融,湖北,尚未获投
睿宝金服,None,2017-03-01,2018-12-07,1/9/6,金融,北京,尚未获投
借点儿,商业模式匮乏/现金流断裂,2015-01-01,2018-12-04,3/11/3,金融,四川,天使轮
二一美银电子商务,None,2014-01-01,2018-12-03,4/11/2,电子商务,北京,尚未获投
三刻321cooking,行业竞争,2016-05-01,2018-12-01,2/7/0,本地生活,北京,Pre-A轮
威海宣杨光电,营销不足,2014-11-01,2018-11-30,4/0/29,新工业,山东,A轮
优居客装修网,烧钱/现金流断裂,2013-08-01,2018-11-26,5/3/25,房产服务,上海,天使轮
全民TV,烧钱/现金流断裂/融资能力不足/行业竞争,2015-11-01,2018-11-26,3/0/25,文娱传媒,上海,A轮
深圳小闪快送,行业竞争,2016-07-01,2018-11-17,2/4/16,物流,广东,Pre-A轮
乃大传媒,None,2017-03-01,2018-11-13,1/8/12,广告营销,广东,尚未获投
中医宝,商业模式匮乏/行业竞争,2015-04-01,2018-11-07,3/7/6,医疗健康,上海,天使轮
蝉游记,产品入场时机,2012-05-01,2018-10-31,6/5/30,旅游,上海,已被收购
理优1对1,现金流断裂,2014-09-01,2018-10-26,4/1/25,教育,上海,A轮
和勤软件,商业模式匮乏/业务过于分散/行业竞争,2009-06-01,2018-10-25,9/4/24,企业服务,上海,A轮
车主金服,商业模式匮乏/业务过于分散/融资能力不足/行业竞争,2017-07-01,2018-10-23,1/3/22,金融,北京,尚未获投
乐知英语,None,2006-12-01,2018-10-19,11/10/18,教育,上海,不明确
异地家教网,商业模式匮乏,2009-10-01,2018-10-17,9/0/16,教育,北京,尚未获投
陪读网,商业模式匮乏,2009-06-01,2018-10-16,9/4/15,教育,北京,A轮
赛富科技,与投资人冲突/现金流断裂,2008-09-01,2018-10-15,10/1/14,电子商务,江苏,C轮
学霸1对1,烧钱/行业竞争/现金流断裂,2015-09-01,2018-10-10,3/1/9,教育,上海,A轮
人人红娘,商业模式匮乏,2014-10-01,2018-10-01,4/0/0,社交网络,北京,天使轮
131便利店,行业竞争,2016-08-01,2018-09-19,2/1/18,本地生活,北京,天使轮
繁星优选,行业竞争,2013-09-01,2018-08-31,4/11/30,电子商务,北京,A轮
未来星,None,2014-11-01,2018-08-27,3/9/26,教育,湖北,尚未获投
健康猫,产品入场时机/行业竞争,2015-03-01,2018-08-27,3/5/26,体育运动,广东,C轮
鼎家网络,政策监管/法律法规风险,2016-03-01,2018-08-20,2/5/19,房产服务,浙江,天使轮
远程视界,现金流断裂,2013-01-01,2018-08-15,5/7/14,医疗健康,北京,战略投资
瀑布协作,产品入场时机,2014-10-01,2018-08-15,3/10/14,企业服务,上海,天使轮
绿能宝,政策监管/法律法规风险,2014-12-01,2018-08-13,3/8/12,金融,上海,战略投资
Youhot洋火,现金流断裂/行业竞争,2016-08-01,2018-08-06,2/0/5,电子商务,北京,种子轮
邻家便利店,行业竞争,2015-05-01,2018-08-02,3/3/1,本地生活,北京,A轮
融数金服,业务过于分散,2015-07-01,2018-08-01,3/1/0,金融,北京,天使轮
爱钱帮,现金流断裂/政策监管,2014-04-01,2018-07-20,4/3/19,金融,北京,B+轮
利利金服,None,2015-12-01,2018-07-18,2/7/17,金融,北京,尚未获投
永利宝,政策监管/法律法规风险,2013-09-01,2018-07-18,4/10/17,金融,上海,B轮
金银猫,政策监管,2013-09-01,2018-07-18,4/10/17,金融,上海,战略投资
聚财猫,政策监管/法律法规风险,2014-07-01,2018-07-18,4/0/17,金融,上海,A轮
利民网,None,2014-04-01,2018-07-18,4/3/17,金融,广东,尚未获投
银豆网,政策监管,2013-09-01,2018-07-18,4/10/17,金融,北京,C轮
君融贷,政策监管/法律法规风险,2014-04-01,2018-07-18,4/3/17,金融,辽宁,A+轮
雅堂金融,None,2016-08-01,2018-07-17,1/11/16,金融,四川,尚未获投
乐居财富,None,2015-06-01,2018-07-15,3/1/14,金融,湖北,尚未获投
唐小僧理财,法律法规风险,2014-10-01,2018-07-14,3/9/13,金融,上海,战略投资
投之家,政策监管/法律法规风险,2014-09-01,2018-07-13,3/10/12,金融,广东,B轮
一财金融,None,2015-11-01,2018-07-13,2/8/12,金融,浙江,不明确
汇通易贷,None,2011-05-01,2018-07-13,7/2/12,金融,广东,尚未获投
合力贷,政策监管,2012-10-01,2018-07-13,5/9/12,金融,北京,A轮
石头理财,政策监管/法律法规风险,2015-01-01,2018-07-12,3/6/11,金融,浙江,A轮
2025金融网,None,2015-06-01,2018-07-12,3/1/11,金融,北京,尚未获投
天天财富,None,2014-01-01,2018-07-12,4/6/11,金融,广东,不明确
多融财富,None,2015-01-01,2018-07-12,3/6/11,金融,上海,尚未获投
贝米钱包,政策监管/法律法规风险,2014-12-01,2018-07-12,3/7/11,金融,上海,Pre-A轮
银狐财富,政策监管/法律法规风险,2014-12-01,2018-07-11,3/7/10,金融,浙江,A轮
蜂硕金融,None,2016-01-01,2018-07-11,2/6/10,金融,天津,尚未获投
聚胜财富,政策监管,2013-05-01,2018-07-11,5/2/10,金融,上海,A轮
众贷汇,None,2015-01-01,2018-07-11,3/6/10,企业服务,广东,不明确
Gobee Bike,烧钱/现金流断裂,2017-01-01,2018-07-10,1/6/9,汽车交通,香港,A轮
智慧财神,政策监管,2016-05-01,2018-07-10,2/2/9,金融,浙江,A轮
微米在线,政策监管,2015-07-01,2018-07-10,3/0/9,金融,浙江,A轮
投融家,业务调整/转型问题,2015-01-01,2018-07-09,3/6/8,金融,浙江,尚未获投
钱爸爸,None,2013-05-01,2018-07-09,5/2/8,金融,广东,尚未获投
点滴身边,None,2015-06-01,2018-07-09,3/1/8,金融,北京,尚未获投
多多理财,政策监管/法律法规风险,2015-07-01,2018-07-09,3/0/8,金融,浙江,天使轮
祺天优贷,None,2014-12-01,2018-07-09,3/7/8,金融,浙江,尚未获投
玺鉴,市场伪需求/商业模式匮乏/政策监管/法律法规风险,2014-06-01,2018-07-07,4/1/6,金融,上海,天使轮
云端金融,None,2015-11-01,2018-07-07,2/8/6,金融,浙江,A轮
佐助金服,法律法规风险/政策监管,2015-08-01,2018-07-06,2/11/5,企业服务,浙江,A轮
银票网,政策监管/法律法规风险,2014-10-01,2018-07-06,3/9/5,金融,上海,A+轮
映贝金服,None,2008-08-01,2018-07-05,9/11/4,金融,上海,尚未获投
惠盈理财,None,2015-02-01,2018-07-05,3/5/4,金融,浙江,尚未获投
E人一铺,None,2015-08-01,2018-07-04,2/11/3,金融,北京,不明确
小九金服,政策监管,2015-08-01,2018-07-03,2/11/2,金融,浙江,A轮
联璧金融,None,2014-05-01,2018-07-01,4/2/0,金融,上海,尚未获投
木枝,商业模式匮乏,2014-08-01,2018-06-25,3/10/24,社交网络,北京,不明确
秋菠网,商业模式匮乏,2014-08-01,2018-06-25,3/10/24,社交网络,河北,天使轮
麦檬科技,商业模式匮乏,2014-08-01,2018-06-25,3/10/24,社交网络,北京,尚未获投
咸鱼理财,None,2013-12-01,2018-06-24,4/6/23,金融,广东,不明确
小诸葛金服,None,2016-07-01,2018-06-23,1/11/22,金融,广东,不明确
365储蓄家,None,2018-01-01,2018-06-22,0/5/21,金融,浙江,尚未获投
哈米科技,行业竞争,2016-10-01,2018-06-20,1/8/19,本地生活,北京,A轮
越游网络,商业模式匮乏/行业竞争,2012-09-01,2018-06-12,5/9/11,游戏,上海,A轮
种钱网,None,2014-03-01,2018-06-11,4/3/10,金融,重庆,尚未获投
叮当钱包,业务调整/法律法规风险,2015-03-01,2018-06-07,3/3/6,金融,北京,不明确
丫丫网,业务过于分散/业务调整,2003-10-01,2018-06-06,14/8/5,社交网络,上海,尚未获投
贝果金融,政策监管/法律法规风险,2015-06-01,2018-06-01,3/0/0,金融,贵州,不明确
金牌理财,None,2014-11-01,2018-06-01,3/7/0,金融,河南,尚未获投
智慧矩阵,None,2017-11-01,2018-05-02,0/6/1,企业服务,北京,尚未获投
行加,None,2014-05-01,2018-05-01,4/0/0,企业服务,北京,尚未获投
野狗实时通信云,融资能力不足,2014-08-01,2018-03-16,3/7/15,企业服务,北京,A轮
技慕奇乐游戏,团队能力不足/行业竞争,2013-01-01,2018-03-01,5/2/0,游戏,四川,尚未获投
爱瘦iMomo,市场伪需求,2014-03-01,2018-03-01,4/0/0,智能硬件,广东,不明确
热葫芦,商业模式匮乏,2014-03-01,2018-02-28,3/11/27,企业服务,北京,尚未获投
多拍科技,业务调整/行业竞争,2013-06-01,2018-02-22,4/8/21,工具软件,广东,Pre-A轮
企销销,None,2016-08-01,2018-02-09,1/6/8,企业服务,重庆,种子轮
法兰游戏,创始人问题,2014-08-01,2018-02-01,3/6/0,游戏,广东,B轮
趣拍堂,商业模式匮乏,2007-03-01,2018-02-01,10/11/0,电子商务,北京,天使轮
0471呼市生活社区,None,2010-02-01,2018-01-10,7/11/9,本地生活,新疆,不明确
北京公司,商业模式匮乏,2017-08-01,2018-01-03,0/5/2,医疗健康,北京,尚未获投
高德中彩,政策监管/法律法规风险,2005-07-01,2018-01-01,12/6/0,金融,北京,尚未获投
华能成长宝,None,2003-12-01,2018-01-01,14/1/0,金融,北京,尚未获投
面包旅行,商业模式匮乏,2012-05-01,2018-01-01,5/8/0,旅游,北京,C轮
掌上游,行业竞争,2013-01-01,2018-01-01,5/0/0,游戏,四川,不明确
零重力游戏,None,2016-01-01,2018-01-01,2/0/0,游戏,上海,尚未获投
入行,商业模式匮乏/业务调整,2014-11-01,2018-01-01,3/2/0,社交网络,北京,尚未获投
美约,商业模式匮乏/行业竞争,2014-11-01,2018-01-01,3/2/0,社交网络,北京,尚未获投
1015 Shop,定价/成本问题,2017-08-01,2018-01-01,0/5/0,本地生活,北京,天使轮
FellowPlus,现金流断裂/融资能力不足,2014-07-01,2018-01-01,3/6/0,金融,广东,B轮
邸诺共享旅行,市场伪需求,2015-05-01,2018-01-01,2/8/0,旅游,北京,天使轮
呱唧,政策监管/法律法规风险/行业竞争,2015-03-01,2018-01-01,2/10/0,金融,上海,尚未获投
海对面,转型问题,2016-06-01,2018-01-01,1/7/0,文娱传媒,北京,天使轮
热呼APP,市场伪需求/商业模式匮乏,2015-02-01,2018-01-01,2/11/0,工具软件,福建,天使轮
水水网络,None,2015-08-01,2018-01-01,2/5/0,广告营销,上海,尚未获投
快推,行业竞争,2014-11-01,2018-01-01,3/2/0,企业服务,上海,天使轮
指引未来,None,2016-06-01,2018-01-01,1/7/0,企业服务,四川,尚未获投
果巾巾,None,2015-04-01,2018-01-01,2/9/0,电子商务,浙江,尚未获投
环球美联英语,None,2006-04-01,2018-01-01,11/9/0,教育,北京,尚未获投
9贝壳,行业竞争,2015-02-01,2018-01-01,2/11/0,电子商务,浙江,天使轮
名车贷,None,2014-09-01,2018-01-01,3/4/0,金融,上海,已被收购
淘摄影,商业模式匮乏/产品入场时机/行业竞争,2015-04-01,2018-01-01,2/9/0,本地生活,广东,天使轮
木瓜金融,政策监管/法律法规风险,2015-01-01,2018-01-01,3/0/0,金融,上海,天使轮
ICOINFO,政策监管/法律法规风险,2017-01-01,2018-01-01,1/0/0,金融,北京,天使轮
德问网,商业模式匮乏,2008-03-01,2017-12-31,9/9/30,社交网络,北京,尚未获投
美乐网,None,2012-02-01,2017-12-31,5/10/30,文娱传媒,北京,不明确
布拉旅行,行业竞争,2012-11-01,2017-12-31,5/1/30,旅游,上海,A+轮
乐乐订,None,2013-12-01,2017-12-31,4/0/30,本地生活,广东,不明确
安仁科技,None,2013-04-01,2017-12-31,4/8/30,企业服务,河南,不明确
俏花旦,None,2013-04-01,2017-12-31,4/8/30,电子商务,江苏,不明确
Biu彼友,市场伪需求,2013-07-01,2017-12-31,4/5/30,社交网络,四川,不明确
主厨严选,业务调整,2012-10-01,2017-12-31,5/2/30,电子商务,台湾,不明确
站台,None,2013-05-01,2017-12-31,4/7/30,社交网络,北京,尚未获投
锐码,现金流断裂,2013-05-01,2017-12-31,4/7/30,电子商务,北京,天使轮
翻漫画,None,2013-07-01,2017-12-31,4/5/30,文娱传媒,上海,不明确
专利众筹网,None,2013-08-01,2017-12-31,4/4/30,金融,北京,不明确
魔方手机助手,None,2012-03-01,2017-12-31,5/9/30,工具软件,北京,尚未获投
Catalog.im,None,2012-01-01,2017-12-31,5/11/30,文娱传媒,上海,不明确
IRewards,None,2012-12-01,2017-12-31,5/0/30,企业服务,上海,不明确
嘀嘀呜,定价/成本问题/营销不足,2012-03-01,2017-12-31,5/9/30,汽车交通,北京,天使轮
稳收宝,政策监管/法律法规风险,2013-11-01,2017-12-31,4/1/30,金融,上海,B轮
天品网,定价/成本问题/行业竞争,2012-08-01,2017-12-31,5/4/30,电子商务,上海,已被收购
图播Picplay,商业模式匮乏,2011-11-01,2017-12-31,6/1/30,文娱传媒,上海,尚未获投
星期送,None,2013-09-01,2017-12-31,4/3/30,本地生活,湖北,不明确
暖丘,业务过于分散,2013-07-01,2017-12-31,4/5/30,医疗健康,北京,天使轮
E达招车,None,2012-10-01,2017-12-31,5/2/30,汽车交通,北京,不明确
粉多客,None,2012-08-01,2017-12-31,5/4/30,电子商务,福建,不明确
某某,业务调整/产品缺陷严重,2013-08-01,2017-12-31,4/4/30,社交网络,北京,天使轮
今日爆款,None,2013-07-01,2017-12-31,4/5/30,电子商务,湖北,不明确
宏图,None,2013-03-01,2017-12-31,4/9/30,文娱传媒,广东,不明确
壹路听,None,2013-09-01,2017-12-31,4/3/30,文娱传媒,北京,不明确
美图手机,业务调整/转型问题,2013-05-01,2017-12-31,4/7/30,新工业,福建,尚未获投
享读ShareReader,商业模式匮乏,2012-11-01,2017-12-31,5/1/30,文娱传媒,广东,天使轮
美腿团,市场伪需求,2013-01-01,2017-12-31,4/11/30,电子商务,上海,天使轮
金米旅游,None,2013-10-01,2017-12-31,4/2/30,旅游,北京,不明确
好乐智出国留学网,None,2013-03-01,2017-12-31,4/9/30,教育,江苏,不明确
快子创意,None,2013-07-01,2017-12-31,4/5/30,广告营销,北京,不明确
5千克,None,2012-08-01,2017-12-31,5/4/30,电子商务,北京,不明确
i创业,None,2013-10-01,2017-12-31,4/2/30,企业服务,上海,不明确
五星汇,行业竞争,2013-04-01,2017-12-31,4/8/30,旅游,北京,已被收购
悠悠校园,None,2012-09-01,2017-12-31,5/3/30,教育,北京,不明确
趣保科技,None,2012-10-01,2017-12-31,5/2/30,金融,上海,不明确
好学网,None,2012-11-01,2017-12-31,5/1/30,企业服务,上海,不明确
51婚礼预订网,None,2012-03-01,2017-12-31,5/9/30,本地生活,湖北,不明确
同去,None,2013-03-01,2017-12-31,4/9/30,社交网络,上海,不明确
Digcoin,政策监管/行业竞争,2013-05-01,2017-12-31,4/7/30,金融,湖南,尚未获投
黑方糖,商业模式匮乏,2012-09-01,2017-12-31,5/3/30,电子商务,上海,尚未获投
爱品图,市场伪需求/商业模式匮乏,2012-01-01,2017-12-31,5/11/30,电子商务,北京,不明确
4A店,None,2012-08-01,2017-12-31,5/4/30,汽车交通,广东,不明确
MindRunner小步快跑,None,2013-09-01,2017-12-31,4/3/30,物流,四川,尚未获投
维度品牌,None,2013-07-01,2017-12-31,4/5/30,企业服务,广东,尚未获投
租租看,None,2013-05-01,2017-12-31,4/7/30,房产服务,广东,不明确
V圈,None,2012-12-01,2017-12-31,5/0/30,社交网络,北京,不明确
联合理财,政策监管,2013-08-01,2017-12-31,4/4/30,金融,四川,不明确
安晟国际,None,2013-07-01,2017-12-31,4/5/30,教育,浙江,不明确
爱秀吧,业务调整,2012-06-01,2017-12-31,5/6/30,文娱传媒,广东,尚未获投
创腾,None,2012-07-01,2017-12-31,5/5/30,电子商务,广东,尚未获投
麦圈,业务调整,2012-06-01,2017-12-31,5/6/30,社交网络,广东,天使轮
营养膳食指南,None,2013-08-01,2017-12-31,4/4/30,医疗健康,北京,不明确
奔奔BenBen,None,2013-10-01,2017-12-31,4/2/30,社交网络,北京,不明确
推推共享,商业模式匮乏/产品入场时机,2012-02-01,2017-12-31,5/10/30,工具软件,北京,天使轮
iMenuX,现金流断裂,2012-02-01,2017-12-31,5/10/30,本地生活,浙江,不明确
时空情缘,None,2013-03-01,2017-12-31,4/9/30,文娱传媒,湖南,不明确
游戏部落,行业竞争,2012-07-01,2017-12-31,5/5/30,游戏,湖北,尚未获投
上海泉游,None,2013-01-01,2017-12-31,4/11/30,游戏,上海,不明确
乐换,None,2013-03-01,2017-12-31,4/9/30,电子商务,上海,不明确
上海智都科技Zeedoo,None,2012-06-01,2017-12-31,5/6/30,企业服务,上海,不明确
榜单客,None,2013-10-01,2017-12-31,4/2/30,电子商务,山东,不明确
@薇券,业务调整/转型问题,2012-11-01,2017-12-31,5/1/30,广告营销,北京,天使轮
酒店冰室,现金流断裂,2013-07-01,2017-12-31,4/5/30,房产服务,广东,不明确
物本购商城,None,2013-01-01,2017-12-31,4/11/30,电子商务,浙江,不明确
病患如我,业务调整,2013-11-01,2017-12-31,4/1/30,医疗健康,福建,天使轮
安天地科技,None,2012-05-01,2017-12-31,5/7/30,新工业,广东,不明确
创梦者,None,2016-02-01,2017-12-31,1/10/30,文娱传媒,北京,尚未获投
拍普,None,2012-01-01,2017-12-31,5/11/30,汽车交通,上海,不明确
土椒网,市场伪需求,2012-04-01,2017-12-31,5/8/30,电子商务,广东,尚未获投
咚咚健身,None,2013-07-01,2017-12-31,4/5/30,医疗健康,上海,不明确
驾校超市,None,2012-01-01,2017-12-31,5/11/30,汽车交通,北京,不明确
邦家政PH+,None,2013-11-01,2017-12-31,4/1/30,本地生活,福建,不明确
比赛日,None,2012-03-01,2017-12-31,5/9/30,社交网络,北京,不明确
皮埃尔,None,2012-12-01,2017-12-31,5/0/30,体育运动,北京,不明确
城市味道,None,2012-10-01,2017-12-31,5/2/30,本地生活,广东,不明确
EADING一丁芯,None,2013-03-01,2017-12-31,4/9/30,智能硬件,福建,不明确
型男网,市场伪需求,2012-10-01,2017-12-31,5/2/30,社交网络,上海,尚未获投
正源食派果蔬帮,None,2013-08-01,2017-12-31,4/4/30,电子商务,北京,尚未获投
御诚资产,None,2013-06-01,2017-12-31,4/6/30,金融,湖北,尚未获投
达人工,市场伪需求/商业模式匮乏,2013-03-01,2017-12-31,4/9/30,电子商务,北京,天使轮
Blueface蓝颜面膜,None,2013-09-01,2017-12-31,4/3/30,电子商务,北京,尚未获投
名校直播,商业模式匮乏/业务过于分散,2013-09-01,2017-12-31,4/3/30,文娱传媒,江苏,尚未获投
183聊聊,None,2012-01-01,2017-12-31,5/11/30,社交网络,广东,尚未获投
Powerful泡否科技,现金流断裂/营销不足,2012-08-01,2017-12-31,5/4/30,电子商务,北京,A轮
亿言堂,None,2013-01-01,2017-12-31,4/11/30,房产服务,浙江,不明确
墨筹,None,2013-08-01,2017-12-31,4/4/30,金融,北京,不明确
Shyp,商业模式匮乏/行业竞争,2013-07-01,2017-12-31,4/5/30,物流,北美洲,B轮
微窝WeiWo,行业竞争,2012-01-01,2017-12-31,5/11/30,企业服务,广东,天使轮
佳乾信息,市场伪需求,2012-10-01,2017-12-31,5/2/30,房产服务,上海,天使轮
麦田圈,None,2013-10-01,2017-12-31,4/2/30,企业服务,江苏,尚未获投
